-- phpMyAdmin SQL Dump
-- version 4.8.3
-- https://www.phpmyadmin.net/
--
-- 主机： 127.0.0.1
-- 生成日期： 2018-10-15 03:56:45
-- 服务器版本： 10.1.36-MariaDB
-- PHP 版本： 7.2.10

SET SQL_MODE = "NO_AUTO_VALUE_ON_ZERO";
SET AUTOCOMMIT = 0;
START TRANSACTION;
SET time_zone = "+00:00";


/*!40101 SET @OLD_CHARACTER_SET_CLIENT=@@CHARACTER_SET_CLIENT */;
/*!40101 SET @OLD_CHARACTER_SET_RESULTS=@@CHARACTER_SET_RESULTS */;
/*!40101 SET @OLD_COLLATION_CONNECTION=@@COLLATION_CONNECTION */;
/*!40101 SET NAMES utf8mb4 */;

--
-- 数据库： `szu_restaurant`
--

-- --------------------------------------------------------

--
-- 表的结构 `comment`
--

CREATE TABLE `comment` (
  `ID` int(11) NOT NULL,
  `USER_ID` int(11) NOT NULL,
  `DISH_ID` int(11) NOT NULL,
  `RESTAURANT_ID` int(11) NOT NULL,
  `ORDER_ID` int(11) NOT NULL,
  `TIME` timestamp NOT NULL DEFAULT CURRENT_TIMESTAMP,
  `COMMENT` text CHARACTER SET utf8 NOT NULL
) ENGINE=InnoDB DEFAULT CHARSET=latin1;

--
-- 转存表中的数据 `comment`
--

INSERT INTO `comment` (`ID`, `USER_ID`, `DISH_ID`, `RESTAURANT_ID`, `ORDER_ID`, `TIME`, `COMMENT`) VALUES
(2, 2, 459, 527625, 1, '2018-03-11 11:17:23', 'Comment of order form1'),
(3, 3, 460, 527625, 2, '2018-03-11 11:17:23', 'Comment of order form2'),
(4, 4, 461, 527625, 3, '2018-03-11 11:17:23', 'Comment of order form3'),
(5, 5, 462, 527625, 4, '2018-03-11 11:17:23', 'Comment of order form4'),
(6, 6, 463, 527625, 5, '2018-03-11 11:17:23', 'Comment of order form5'),
(7, 7, 464, 527625, 6, '2018-03-11 11:17:23', 'Comment of order form6'),
(8, 8, 465, 527625, 7, '2018-03-11 11:17:23', 'Comment of order form7'),
(9, 9, 466, 527625, 8, '2018-03-11 11:17:23', 'Comment of order form8'),
(10, 10, 467, 527625, 9, '2018-03-11 11:17:23', 'Comment of order form9'),
(11, 11, 468, 527625, 10, '2018-03-11 11:17:23', 'Comment of order form10'),
(12, 12, 469, 527625, 11, '2018-03-11 11:17:23', 'Comment of order form11'),
(13, 13, 470, 527625, 12, '2018-03-11 11:17:23', 'Comment of order form12'),
(14, 14, 471, 527625, 13, '2018-03-11 11:17:23', 'Comment of order form13'),
(15, 15, 472, 527625, 14, '2018-03-11 11:17:23', 'Comment of order form14'),
(16, 16, 473, 527625, 15, '2018-03-11 11:17:23', 'Comment of order form15'),
(17, 17, 474, 527625, 16, '2018-03-11 11:17:23', 'Comment of order form16'),
(18, 18, 475, 527625, 17, '2018-03-11 11:17:23', 'Comment of order form17'),
(19, 19, 476, 527625, 18, '2018-03-11 11:17:23', 'Comment of order form18'),
(20, 20, 477, 527625, 19, '2018-03-11 11:17:23', 'Comment of order form19'),
(21, 21, 478, 527625, 20, '2018-03-11 11:17:23', 'Comment of order form20'),
(22, 22, 479, 527625, 21, '2018-03-11 11:17:23', 'Comment of order form21'),
(23, 23, 480, 527625, 22, '2018-03-11 11:17:24', 'Comment of order form22'),
(24, 24, 481, 527625, 23, '2018-03-11 11:17:24', 'Comment of order form23'),
(25, 25, 482, 527625, 24, '2018-03-11 11:17:24', 'Comment of order form24'),
(26, 26, 483, 527625, 25, '2018-03-11 11:17:24', 'Comment of order form25'),
(27, 27, 484, 527625, 26, '2018-03-11 11:17:24', 'Comment of order form26'),
(28, 28, 485, 527625, 27, '2018-03-11 11:17:24', 'Comment of order form27'),
(29, 29, 486, 527625, 28, '2018-03-11 11:17:24', 'Comment of order form28'),
(30, 30, 487, 527625, 29, '2018-03-11 11:17:24', 'Comment of order form29'),
(31, 31, 488, 527625, 30, '2018-03-11 11:17:24', 'Comment of order form30'),
(32, 32, 489, 527625, 31, '2018-03-11 11:17:24', 'Comment of order form31'),
(33, 33, 490, 527625, 32, '2018-03-11 11:17:24', 'Comment of order form32'),
(34, 34, 491, 527625, 33, '2018-03-11 11:17:24', 'Comment of order form33'),
(35, 35, 492, 527625, 34, '2018-03-11 11:17:24', 'Comment of order form34'),
(36, 36, 493, 527625, 35, '2018-03-11 11:17:24', 'Comment of order form35'),
(37, 37, 494, 527625, 36, '2018-03-11 11:17:24', 'Comment of order form36'),
(38, 38, 495, 527625, 37, '2018-03-11 11:17:24', 'Comment of order form37'),
(39, 39, 496, 527625, 38, '2018-03-11 11:17:24', 'Comment of order form38'),
(40, 40, 497, 527625, 39, '2018-03-11 11:17:24', 'Comment of order form39'),
(41, 41, 498, 527625, 40, '2018-03-11 11:17:24', 'Comment of order form40'),
(42, 42, 499, 527625, 41, '2018-03-11 11:17:24', 'Comment of order form41'),
(43, 43, 500, 527625, 42, '2018-03-11 11:17:24', 'Comment of order form42'),
(44, 44, 501, 527625, 43, '2018-03-11 11:17:24', 'Comment of order form43'),
(45, 45, 502, 527625, 44, '2018-03-11 11:17:24', 'Comment of order form44'),
(46, 46, 503, 527625, 45, '2018-03-11 11:17:24', 'Comment of order form45'),
(47, 47, 504, 527625, 46, '2018-03-11 11:17:24', 'Comment of order form46'),
(48, 48, 505, 527625, 47, '2018-03-11 11:17:24', 'Comment of order form47'),
(49, 49, 506, 527625, 48, '2018-03-11 11:17:24', 'Comment of order form48'),
(50, 50, 507, 527625, 49, '2018-03-11 11:17:24', 'Comment of order form49'),
(51, 51, 508, 527625, 50, '2018-03-11 11:17:24', 'Comment of order form50'),
(52, 52, 509, 527625, 51, '2018-03-11 11:17:24', 'Comment of order form51'),
(53, 53, 510, 527625, 52, '2018-03-11 11:17:24', 'Comment of order form52'),
(54, 54, 511, 527625, 53, '2018-03-11 11:17:24', 'Comment of order form53'),
(55, 55, 512, 527625, 54, '2018-03-11 11:17:25', 'Comment of order form54'),
(56, 56, 513, 527625, 55, '2018-03-11 11:17:25', 'Comment of order form55'),
(57, 57, 514, 527625, 56, '2018-03-11 11:17:25', 'Comment of order form56'),
(58, 58, 515, 527625, 57, '2018-03-11 11:17:25', 'Comment of order form57'),
(59, 59, 516, 527625, 58, '2018-03-11 11:17:25', 'Comment of order form58'),
(60, 60, 517, 527625, 59, '2018-03-11 11:17:25', 'Comment of order form59'),
(61, 61, 518, 527625, 60, '2018-03-11 11:17:25', 'Comment of order form60'),
(62, 62, 519, 527625, 61, '2018-03-11 11:17:25', 'Comment of order form61'),
(63, 63, 520, 527625, 62, '2018-03-11 11:17:25', 'Comment of order form62'),
(64, 64, 521, 527625, 63, '2018-03-11 11:17:25', 'Comment of order form63'),
(65, 65, 522, 527625, 64, '2018-03-11 11:17:25', 'Comment of order form64'),
(66, 66, 523, 527625, 65, '2018-03-11 11:17:25', 'Comment of order form65'),
(67, 67, 524, 527625, 66, '2018-03-11 11:17:25', 'Comment of order form66'),
(68, 68, 525, 527625, 67, '2018-03-11 11:17:25', 'Comment of order form67'),
(69, 69, 526, 527625, 68, '2018-03-11 11:17:25', 'Comment of order form68'),
(70, 70, 527, 527625, 69, '2018-03-11 11:17:25', 'Comment of order form69'),
(71, 71, 528, 527625, 70, '2018-03-11 11:17:25', 'Comment of order form70'),
(72, 72, 529, 527625, 71, '2018-03-11 11:17:25', 'Comment of order form71'),
(73, 73, 530, 527625, 72, '2018-03-11 11:17:25', 'Comment of order form72'),
(74, 74, 531, 527625, 73, '2018-03-11 11:17:25', 'Comment of order form73'),
(75, 75, 532, 527625, 74, '2018-03-11 11:17:25', 'Comment of order form74'),
(76, 76, 533, 527625, 75, '2018-03-11 11:17:25', 'Comment of order form75'),
(77, 77, 534, 527625, 76, '2018-03-11 11:17:25', 'Comment of order form76'),
(78, 78, 535, 527625, 77, '2018-03-11 11:17:25', 'Comment of order form77'),
(79, 79, 536, 527625, 78, '2018-03-11 11:17:25', 'Comment of order form78'),
(80, 80, 537, 527625, 79, '2018-03-11 11:17:25', 'Comment of order form79'),
(81, 81, 538, 527625, 80, '2018-03-11 11:17:25', 'Comment of order form80'),
(82, 82, 539, 527625, 81, '2018-03-11 11:17:25', 'Comment of order form81'),
(83, 83, 540, 527625, 82, '2018-03-11 11:17:25', 'Comment of order form82'),
(84, 84, 541, 527625, 83, '2018-03-11 11:17:26', 'Comment of order form83'),
(85, 85, 542, 527625, 84, '2018-03-11 11:17:26', 'Comment of order form84'),
(86, 86, 543, 527625, 85, '2018-03-11 11:17:26', 'Comment of order form85'),
(87, 87, 544, 527625, 86, '2018-03-11 11:17:26', 'Comment of order form86'),
(88, 88, 545, 527625, 87, '2018-03-11 11:17:26', 'Comment of order form87'),
(89, 89, 546, 527625, 88, '2018-03-11 11:17:26', 'Comment of order form88'),
(90, 90, 547, 527625, 89, '2018-03-11 11:17:26', 'Comment of order form89'),
(91, 91, 548, 527625, 90, '2018-03-11 11:17:26', 'Comment of order form90'),
(92, 92, 549, 527625, 91, '2018-03-11 11:17:26', 'Comment of order form91'),
(93, 93, 550, 527625, 92, '2018-03-11 11:17:26', 'Comment of order form92'),
(94, 94, 551, 527625, 93, '2018-03-11 11:17:26', 'Comment of order form93'),
(95, 95, 552, 527625, 94, '2018-03-11 11:17:26', 'Comment of order form94'),
(96, 96, 553, 527625, 95, '2018-03-11 11:17:26', 'Comment of order form95'),
(97, 97, 554, 527625, 96, '2018-03-11 11:17:26', 'Comment of order form96'),
(98, 98, 555, 527625, 97, '2018-03-11 11:17:26', 'Comment of order form97'),
(99, 99, 556, 527625, 98, '2018-03-11 11:17:26', 'Comment of order form98'),
(100, 100, 557, 527625, 99, '2018-03-11 11:17:26', 'Comment of order form99'),
(101, 101, 558, 527625, 100, '2018-03-11 11:17:26', 'Comment of order form100'),
(102, 102, 559, 527625, 101, '2018-03-11 11:17:26', 'Comment of order form101'),
(103, 103, 560, 527625, 102, '2018-03-11 11:17:26', 'Comment of order form102'),
(104, 104, 561, 527625, 103, '2018-03-11 11:17:26', 'Comment of order form103'),
(105, 105, 562, 527625, 104, '2018-03-11 11:17:26', 'Comment of order form104'),
(106, 106, 563, 527625, 105, '2018-03-11 11:17:26', 'Comment of order form105'),
(107, 107, 564, 527625, 106, '2018-03-11 11:17:26', 'Comment of order form106'),
(108, 108, 565, 527625, 107, '2018-03-11 11:17:26', 'Comment of order form107'),
(109, 109, 566, 527625, 108, '2018-03-11 11:17:26', 'Comment of order form108'),
(110, 110, 567, 527625, 109, '2018-03-11 11:17:26', 'Comment of order form109'),
(111, 111, 568, 527625, 110, '2018-03-11 11:17:26', 'Comment of order form110'),
(112, 112, 569, 527625, 111, '2018-03-11 11:17:26', 'Comment of order form111'),
(113, 113, 570, 527625, 112, '2018-03-11 11:17:26', 'Comment of order form112'),
(114, 114, 571, 527625, 113, '2018-03-11 11:17:26', 'Comment of order form113'),
(115, 115, 572, 527625, 114, '2018-03-11 11:17:26', 'Comment of order form114'),
(116, 116, 573, 527625, 115, '2018-03-11 11:17:26', 'Comment of order form115'),
(117, 117, 574, 527625, 116, '2018-03-11 11:17:26', 'Comment of order form116'),
(118, 118, 575, 527625, 117, '2018-03-11 11:17:27', 'Comment of order form117'),
(119, 119, 576, 527625, 118, '2018-03-11 11:17:27', 'Comment of order form118'),
(120, 120, 577, 527625, 119, '2018-03-11 11:17:27', 'Comment of order form119'),
(121, 121, 578, 527625, 120, '2018-03-11 11:17:27', 'Comment of order form120'),
(122, 122, 579, 527625, 121, '2018-03-11 11:17:27', 'Comment of order form121'),
(123, 123, 580, 527625, 122, '2018-03-11 11:17:27', 'Comment of order form122'),
(124, 124, 581, 527625, 123, '2018-03-11 11:17:27', 'Comment of order form123'),
(125, 125, 582, 527625, 124, '2018-03-11 11:17:27', 'Comment of order form124'),
(126, 126, 583, 527625, 125, '2018-03-11 11:17:27', 'Comment of order form125'),
(127, 127, 584, 527625, 126, '2018-03-11 11:17:27', 'Comment of order form126'),
(128, 128, 585, 527625, 127, '2018-03-11 11:17:27', 'Comment of order form127'),
(129, 129, 586, 527625, 128, '2018-03-11 11:17:27', 'Comment of order form128'),
(130, 130, 587, 527625, 129, '2018-03-11 11:17:27', 'Comment of order form129'),
(131, 131, 588, 527625, 130, '2018-03-11 11:17:27', 'Comment of order form130'),
(132, 132, 589, 527625, 131, '2018-03-11 11:17:27', 'Comment of order form131'),
(133, 133, 590, 527625, 132, '2018-03-11 11:17:27', 'Comment of order form132'),
(134, 134, 591, 527625, 133, '2018-03-11 11:17:27', 'Comment of order form133'),
(135, 135, 592, 527625, 134, '2018-03-11 11:17:27', 'Comment of order form134'),
(136, 136, 593, 527625, 135, '2018-03-11 11:17:27', 'Comment of order form135'),
(137, 137, 594, 527625, 136, '2018-03-11 11:17:27', 'Comment of order form136'),
(138, 138, 595, 527625, 137, '2018-03-11 11:17:27', 'Comment of order form137'),
(139, 139, 596, 527625, 138, '2018-03-11 11:17:27', 'Comment of order form138'),
(140, 140, 597, 527625, 139, '2018-03-11 11:17:27', 'Comment of order form139'),
(141, 141, 598, 527625, 140, '2018-03-11 11:17:27', 'Comment of order form140'),
(142, 142, 599, 527625, 141, '2018-03-11 11:17:27', 'Comment of order form141'),
(143, 143, 600, 527625, 142, '2018-03-11 11:17:27', 'Comment of order form142'),
(144, 144, 601, 527625, 143, '2018-03-11 11:17:27', 'Comment of order form143'),
(145, 145, 602, 527625, 144, '2018-03-11 11:17:27', 'Comment of order form144'),
(146, 146, 603, 527625, 145, '2018-03-11 11:17:27', 'Comment of order form145'),
(147, 147, 604, 527625, 146, '2018-03-11 11:17:27', 'Comment of order form146'),
(148, 148, 605, 527625, 147, '2018-03-11 11:17:27', 'Comment of order form147'),
(149, 149, 606, 527625, 148, '2018-03-11 11:17:27', 'Comment of order form148'),
(150, 150, 607, 527625, 149, '2018-03-11 11:17:27', 'Comment of order form149'),
(151, 151, 608, 527625, 150, '2018-03-11 11:17:27', 'Comment of order form150'),
(152, 152, 609, 527625, 151, '2018-03-11 11:17:27', 'Comment of order form151'),
(153, 153, 610, 527625, 152, '2018-03-11 11:17:27', 'Comment of order form152'),
(154, 154, 611, 527625, 153, '2018-03-11 11:17:28', 'Comment of order form153'),
(155, 155, 612, 527625, 154, '2018-03-11 11:17:28', 'Comment of order form154'),
(156, 156, 613, 527625, 155, '2018-03-11 11:17:28', 'Comment of order form155'),
(157, 157, 614, 527625, 156, '2018-03-11 11:17:28', 'Comment of order form156'),
(158, 158, 615, 527625, 157, '2018-03-11 11:17:28', 'Comment of order form157'),
(159, 159, 616, 527625, 158, '2018-03-11 11:17:28', 'Comment of order form158'),
(160, 160, 617, 527625, 159, '2018-03-11 11:17:28', 'Comment of order form159'),
(161, 161, 618, 527625, 160, '2018-03-11 11:17:28', 'Comment of order form160'),
(162, 162, 619, 527625, 161, '2018-03-11 11:17:28', 'Comment of order form161'),
(163, 163, 620, 527625, 162, '2018-03-11 11:17:28', 'Comment of order form162'),
(164, 164, 621, 527625, 163, '2018-03-11 11:17:28', 'Comment of order form163'),
(165, 165, 622, 527625, 164, '2018-03-11 11:17:28', 'Comment of order form164'),
(166, 166, 623, 527625, 165, '2018-03-11 11:17:28', 'Comment of order form165'),
(167, 167, 624, 527625, 166, '2018-03-11 11:17:28', 'Comment of order form166'),
(168, 168, 625, 527625, 167, '2018-03-11 11:17:28', 'Comment of order form167'),
(169, 169, 626, 527625, 168, '2018-03-11 11:17:28', 'Comment of order form168'),
(170, 170, 627, 527625, 169, '2018-03-11 11:17:28', 'Comment of order form169'),
(171, 171, 628, 527625, 170, '2018-03-11 11:17:28', 'Comment of order form170'),
(172, 172, 629, 527625, 171, '2018-03-11 11:17:28', 'Comment of order form171'),
(173, 173, 630, 527625, 172, '2018-03-11 11:17:28', 'Comment of order form172'),
(174, 174, 631, 527625, 173, '2018-03-11 11:17:28', 'Comment of order form173'),
(175, 175, 632, 527625, 174, '2018-03-11 11:17:28', 'Comment of order form174'),
(176, 176, 633, 527625, 175, '2018-03-11 11:17:28', 'Comment of order form175'),
(177, 177, 634, 527625, 176, '2018-03-11 11:17:28', 'Comment of order form176'),
(178, 178, 635, 527625, 177, '2018-03-11 11:17:28', 'Comment of order form177'),
(179, 179, 636, 527625, 178, '2018-03-11 11:17:28', 'Comment of order form178'),
(180, 180, 637, 527625, 179, '2018-03-11 11:17:28', 'Comment of order form179'),
(181, 181, 638, 527625, 180, '2018-03-11 11:17:28', 'Comment of order form180'),
(182, 182, 639, 527625, 181, '2018-03-11 11:17:28', 'Comment of order form181'),
(183, 183, 640, 527625, 182, '2018-03-11 11:17:28', 'Comment of order form182'),
(184, 184, 641, 527625, 183, '2018-03-11 11:17:28', 'Comment of order form183'),
(185, 185, 642, 527625, 184, '2018-03-11 11:17:28', 'Comment of order form184'),
(186, 186, 643, 527625, 185, '2018-03-11 11:17:28', 'Comment of order form185'),
(187, 187, 644, 527625, 186, '2018-03-11 11:17:28', 'Comment of order form186'),
(188, 188, 645, 527625, 187, '2018-03-11 11:17:28', 'Comment of order form187'),
(189, 189, 646, 527625, 188, '2018-03-11 11:17:28', 'Comment of order form188'),
(190, 190, 647, 527625, 189, '2018-03-11 11:17:29', 'Comment of order form189'),
(191, 191, 648, 527625, 190, '2018-03-11 11:17:29', 'Comment of order form190'),
(192, 192, 649, 527625, 191, '2018-03-11 11:17:29', 'Comment of order form191'),
(193, 193, 650, 527625, 192, '2018-03-11 11:17:29', 'Comment of order form192'),
(194, 194, 651, 527625, 193, '2018-03-11 11:17:29', 'Comment of order form193'),
(195, 195, 652, 527625, 194, '2018-03-11 11:17:29', 'Comment of order form194'),
(196, 196, 653, 527625, 195, '2018-03-11 11:17:29', 'Comment of order form195'),
(197, 197, 654, 527625, 196, '2018-03-11 11:17:29', 'Comment of order form196'),
(198, 198, 655, 527625, 197, '2018-03-11 11:17:29', 'Comment of order form197'),
(199, 199, 656, 527625, 198, '2018-03-11 11:17:29', 'Comment of order form198'),
(200, 200, 657, 527625, 199, '2018-03-11 11:17:29', 'Comment of order form199'),
(201, 201, 658, 527625, 200, '2018-03-11 11:17:29', 'Comment of order form200'),
(202, 202, 659, 527625, 201, '2018-03-11 11:17:29', 'Comment of order form201'),
(203, 203, 660, 527625, 202, '2018-03-11 11:17:29', 'Comment of order form202'),
(204, 204, 661, 527625, 203, '2018-03-11 11:17:29', 'Comment of order form203'),
(205, 205, 662, 527625, 204, '2018-03-11 11:17:29', 'Comment of order form204'),
(206, 206, 663, 527625, 205, '2018-03-11 11:17:29', 'Comment of order form205'),
(207, 207, 664, 527625, 206, '2018-03-11 11:17:29', 'Comment of order form206'),
(208, 208, 665, 527625, 207, '2018-03-11 11:17:29', 'Comment of order form207'),
(209, 209, 666, 527625, 208, '2018-03-11 11:17:29', 'Comment of order form208'),
(210, 210, 667, 527625, 209, '2018-03-11 11:17:29', 'Comment of order form209'),
(211, 211, 668, 527625, 210, '2018-03-11 11:17:29', 'Comment of order form210'),
(212, 212, 669, 527625, 211, '2018-03-11 11:17:29', 'Comment of order form211'),
(213, 213, 670, 527625, 212, '2018-03-11 11:17:29', 'Comment of order form212'),
(214, 214, 671, 527625, 213, '2018-03-11 11:17:29', 'Comment of order form213'),
(215, 215, 672, 527625, 214, '2018-03-11 11:17:29', 'Comment of order form214'),
(216, 216, 673, 527625, 215, '2018-03-11 11:17:29', 'Comment of order form215'),
(217, 217, 674, 527625, 216, '2018-03-11 11:17:29', 'Comment of order form216'),
(218, 218, 675, 527625, 217, '2018-03-11 11:17:29', 'Comment of order form217'),
(219, 219, 676, 527625, 218, '2018-03-11 11:17:29', 'Comment of order form218'),
(220, 220, 677, 527625, 219, '2018-03-11 11:17:29', 'Comment of order form219'),
(221, 221, 678, 527625, 220, '2018-03-11 11:17:29', 'Comment of order form220'),
(222, 222, 679, 527625, 221, '2018-03-11 11:17:29', 'Comment of order form221'),
(223, 223, 680, 527625, 222, '2018-03-11 11:17:29', 'Comment of order form222'),
(224, 224, 681, 527625, 223, '2018-03-11 11:17:29', 'Comment of order form223'),
(225, 225, 682, 527625, 224, '2018-03-11 11:17:29', 'Comment of order form224'),
(226, 226, 683, 527625, 225, '2018-03-11 11:17:29', 'Comment of order form225'),
(227, 227, 684, 527625, 226, '2018-03-11 11:17:29', 'Comment of order form226'),
(228, 228, 685, 527625, 227, '2018-03-11 11:17:29', 'Comment of order form227'),
(229, 229, 686, 527625, 228, '2018-03-11 11:17:30', 'Comment of order form228'),
(230, 230, 687, 527625, 229, '2018-03-11 11:17:30', 'Comment of order form229'),
(231, 231, 688, 640197, 230, '2018-03-11 11:17:30', 'Comment of order form230'),
(232, 232, 689, 640197, 231, '2018-03-11 11:17:30', 'Comment of order form231'),
(233, 233, 690, 640197, 232, '2018-03-11 11:17:30', 'Comment of order form232'),
(234, 234, 691, 640197, 233, '2018-03-11 11:17:30', 'Comment of order form233'),
(235, 235, 692, 640197, 234, '2018-03-11 11:17:30', 'Comment of order form234'),
(236, 236, 693, 640197, 235, '2018-03-11 11:17:30', 'Comment of order form235'),
(237, 237, 694, 640197, 236, '2018-03-11 11:17:30', 'Comment of order form236'),
(238, 238, 695, 640197, 237, '2018-03-11 11:17:30', 'Comment of order form237'),
(239, 239, 696, 640197, 238, '2018-03-11 11:17:30', 'Comment of order form238'),
(240, 240, 697, 640197, 239, '2018-03-11 11:17:30', 'Comment of order form239'),
(241, 241, 698, 640197, 240, '2018-03-11 11:17:30', 'Comment of order form240'),
(242, 242, 699, 640197, 241, '2018-03-11 11:17:30', 'Comment of order form241'),
(243, 243, 700, 640197, 242, '2018-03-11 11:17:30', 'Comment of order form242'),
(244, 244, 701, 640197, 243, '2018-03-11 11:17:30', 'Comment of order form243'),
(245, 245, 702, 640197, 244, '2018-03-11 11:17:30', 'Comment of order form244'),
(246, 246, 703, 640197, 245, '2018-03-11 11:17:30', 'Comment of order form245'),
(247, 247, 704, 640197, 246, '2018-03-11 11:17:30', 'Comment of order form246'),
(248, 248, 705, 640197, 247, '2018-03-11 11:17:30', 'Comment of order form247'),
(249, 249, 706, 640197, 248, '2018-03-11 11:17:30', 'Comment of order form248'),
(250, 250, 707, 640197, 249, '2018-03-11 11:17:30', 'Comment of order form249'),
(251, 251, 708, 640197, 250, '2018-03-11 11:17:30', 'Comment of order form250'),
(252, 252, 709, 640197, 251, '2018-03-11 11:17:30', 'Comment of order form251'),
(253, 253, 710, 640197, 252, '2018-03-11 11:17:30', 'Comment of order form252'),
(254, 254, 711, 640197, 253, '2018-03-11 11:17:30', 'Comment of order form253'),
(255, 255, 712, 640197, 254, '2018-03-11 11:17:30', 'Comment of order form254'),
(256, 256, 713, 640197, 255, '2018-03-11 11:17:30', 'Comment of order form255'),
(257, 257, 714, 640197, 256, '2018-03-11 11:17:30', 'Comment of order form256'),
(258, 258, 715, 640197, 257, '2018-03-11 11:17:30', 'Comment of order form257'),
(259, 259, 716, 640197, 258, '2018-03-11 11:17:30', 'Comment of order form258'),
(260, 260, 717, 640197, 259, '2018-03-11 11:17:30', 'Comment of order form259'),
(261, 261, 718, 640197, 260, '2018-03-11 11:17:30', 'Comment of order form260'),
(262, 262, 719, 640197, 261, '2018-03-11 11:17:30', 'Comment of order form261'),
(263, 263, 720, 640197, 262, '2018-03-11 11:17:30', 'Comment of order form262'),
(264, 264, 721, 640197, 263, '2018-03-11 11:17:30', 'Comment of order form263'),
(265, 265, 722, 640197, 264, '2018-03-11 11:17:31', 'Comment of order form264'),
(266, 266, 723, 640197, 265, '2018-03-11 11:17:31', 'Comment of order form265'),
(267, 267, 724, 640197, 266, '2018-03-11 11:17:31', 'Comment of order form266'),
(268, 268, 725, 640197, 267, '2018-03-11 11:17:31', 'Comment of order form267'),
(269, 269, 726, 640197, 268, '2018-03-11 11:17:31', 'Comment of order form268'),
(270, 270, 727, 640197, 269, '2018-03-11 11:17:31', 'Comment of order form269'),
(271, 271, 728, 640197, 270, '2018-03-11 11:17:31', 'Comment of order form270'),
(272, 272, 729, 640197, 271, '2018-03-11 11:17:31', 'Comment of order form271'),
(273, 273, 730, 640197, 272, '2018-03-11 11:17:31', 'Comment of order form272'),
(274, 274, 731, 640197, 273, '2018-03-11 11:17:31', 'Comment of order form273'),
(275, 275, 732, 640197, 274, '2018-03-11 11:17:31', 'Comment of order form274'),
(276, 276, 733, 640197, 275, '2018-03-11 11:17:31', 'Comment of order form275'),
(277, 277, 734, 640197, 276, '2018-03-11 11:17:31', 'Comment of order form276'),
(278, 278, 735, 640197, 277, '2018-03-11 11:17:31', 'Comment of order form277'),
(279, 279, 736, 640197, 278, '2018-03-11 11:17:31', 'Comment of order form278'),
(280, 280, 737, 640197, 279, '2018-03-11 11:17:31', 'Comment of order form279'),
(281, 281, 738, 640197, 280, '2018-03-11 11:17:31', 'Comment of order form280'),
(282, 282, 739, 640197, 281, '2018-03-11 11:17:31', 'Comment of order form281'),
(283, 283, 740, 640197, 282, '2018-03-11 11:17:31', 'Comment of order form282'),
(284, 284, 741, 640197, 283, '2018-03-11 11:17:31', 'Comment of order form283'),
(285, 285, 742, 640197, 284, '2018-03-11 11:17:31', 'Comment of order form284'),
(286, 286, 743, 640197, 285, '2018-03-11 11:17:31', 'Comment of order form285'),
(287, 287, 744, 640197, 286, '2018-03-11 11:17:31', 'Comment of order form286'),
(288, 288, 745, 640197, 287, '2018-03-11 11:17:31', 'Comment of order form287'),
(289, 289, 746, 640197, 288, '2018-03-11 11:17:31', 'Comment of order form288'),
(290, 290, 747, 640197, 289, '2018-03-11 11:17:31', 'Comment of order form289'),
(291, 291, 748, 640197, 290, '2018-03-11 11:17:31', 'Comment of order form290'),
(292, 292, 749, 640197, 291, '2018-03-11 11:17:31', 'Comment of order form291'),
(293, 293, 750, 640197, 292, '2018-03-11 11:17:31', 'Comment of order form292'),
(294, 294, 751, 640197, 293, '2018-03-11 11:17:31', 'Comment of order form293'),
(295, 295, 752, 640197, 294, '2018-03-11 11:17:31', 'Comment of order form294'),
(296, 296, 753, 640197, 295, '2018-03-11 11:17:31', 'Comment of order form295'),
(297, 297, 754, 640197, 296, '2018-03-11 11:17:31', 'Comment of order form296'),
(298, 298, 755, 640197, 297, '2018-03-11 11:17:31', 'Comment of order form297'),
(299, 299, 756, 640197, 298, '2018-03-11 11:17:31', 'Comment of order form298'),
(300, 300, 757, 640197, 299, '2018-03-11 11:17:31', 'Comment of order form299'),
(301, 301, 758, 640197, 300, '2018-03-11 11:17:31', 'Comment of order form300'),
(302, 302, 759, 640197, 301, '2018-03-11 11:17:32', 'Comment of order form301'),
(303, 303, 760, 640197, 302, '2018-03-11 11:17:32', 'Comment of order form302'),
(304, 304, 761, 640197, 303, '2018-03-11 11:17:32', 'Comment of order form303'),
(305, 305, 762, 640197, 304, '2018-03-11 11:17:32', 'Comment of order form304'),
(306, 306, 763, 640197, 305, '2018-03-11 11:17:32', 'Comment of order form305'),
(307, 307, 764, 640197, 306, '2018-03-11 11:17:32', 'Comment of order form306'),
(308, 308, 765, 640197, 307, '2018-03-11 11:17:32', 'Comment of order form307'),
(309, 309, 766, 640197, 308, '2018-03-11 11:17:32', 'Comment of order form308'),
(310, 310, 767, 640197, 309, '2018-03-11 11:17:32', 'Comment of order form309'),
(311, 311, 768, 640197, 310, '2018-03-11 11:17:32', 'Comment of order form310'),
(312, 312, 769, 640197, 311, '2018-03-11 11:17:32', 'Comment of order form311'),
(313, 313, 770, 640197, 312, '2018-03-11 11:17:32', 'Comment of order form312'),
(314, 314, 771, 640197, 313, '2018-03-11 11:17:32', 'Comment of order form313'),
(315, 315, 772, 640197, 314, '2018-03-11 11:17:32', 'Comment of order form314'),
(316, 316, 773, 640197, 315, '2018-03-11 11:17:32', 'Comment of order form315'),
(317, 317, 774, 640197, 316, '2018-03-11 11:17:32', 'Comment of order form316'),
(318, 318, 775, 640197, 317, '2018-03-11 11:17:32', 'Comment of order form317'),
(319, 319, 776, 640197, 318, '2018-03-11 11:17:32', 'Comment of order form318'),
(320, 320, 777, 640197, 319, '2018-03-11 11:17:32', 'Comment of order form319'),
(321, 321, 778, 640197, 320, '2018-03-11 11:17:32', 'Comment of order form320'),
(322, 322, 779, 640197, 321, '2018-03-11 11:17:32', 'Comment of order form321'),
(323, 323, 780, 640197, 322, '2018-03-11 11:17:32', 'Comment of order form322'),
(324, 324, 781, 640197, 323, '2018-03-11 11:17:32', 'Comment of order form323'),
(325, 325, 782, 640197, 324, '2018-03-11 11:17:32', 'Comment of order form324'),
(326, 326, 783, 640197, 325, '2018-03-11 11:17:32', 'Comment of order form325'),
(327, 327, 784, 640197, 326, '2018-03-11 11:17:32', 'Comment of order form326'),
(328, 328, 785, 640197, 327, '2018-03-11 11:17:32', 'Comment of order form327'),
(329, 329, 786, 640197, 328, '2018-03-11 11:17:32', 'Comment of order form328'),
(330, 330, 787, 640197, 329, '2018-03-11 11:17:32', 'Comment of order form329'),
(331, 331, 788, 640197, 330, '2018-03-11 11:17:32', 'Comment of order form330'),
(332, 332, 789, 640197, 331, '2018-03-11 11:17:32', 'Comment of order form331'),
(333, 333, 790, 640197, 332, '2018-03-11 11:17:32', 'Comment of order form332'),
(334, 334, 791, 640197, 333, '2018-03-11 11:17:32', 'Comment of order form333'),
(335, 335, 792, 640197, 334, '2018-03-11 11:17:32', 'Comment of order form334'),
(336, 336, 793, 640197, 335, '2018-03-11 11:17:32', 'Comment of order form335'),
(337, 337, 794, 640197, 336, '2018-03-11 11:17:32', 'Comment of order form336'),
(338, 338, 795, 640197, 337, '2018-03-11 11:17:32', 'Comment of order form337'),
(339, 339, 796, 640197, 338, '2018-03-11 11:17:32', 'Comment of order form338'),
(340, 340, 797, 640197, 339, '2018-03-11 11:17:33', 'Comment of order form339'),
(341, 341, 798, 640197, 340, '2018-03-11 11:17:33', 'Comment of order form340'),
(342, 342, 799, 640197, 341, '2018-03-11 11:17:33', 'Comment of order form341'),
(343, 343, 800, 640197, 342, '2018-03-11 11:17:33', 'Comment of order form342'),
(344, 344, 801, 640197, 343, '2018-03-11 11:17:33', 'Comment of order form343'),
(345, 345, 802, 640197, 344, '2018-03-11 11:17:33', 'Comment of order form344'),
(346, 346, 803, 640197, 345, '2018-03-11 11:17:33', 'Comment of order form345'),
(347, 347, 804, 640197, 346, '2018-03-11 11:17:33', 'Comment of order form346'),
(348, 348, 805, 640197, 347, '2018-03-11 11:17:33', 'Comment of order form347'),
(349, 349, 806, 640197, 348, '2018-03-11 11:17:33', 'Comment of order form348'),
(350, 350, 807, 640197, 349, '2018-03-11 11:17:33', 'Comment of order form349'),
(351, 351, 808, 640197, 350, '2018-03-11 11:17:33', 'Comment of order form350'),
(352, 352, 809, 640197, 351, '2018-03-11 11:17:33', 'Comment of order form351'),
(353, 353, 810, 640197, 352, '2018-03-11 11:17:33', 'Comment of order form352'),
(354, 354, 811, 640197, 353, '2018-03-11 11:17:33', 'Comment of order form353'),
(355, 355, 812, 640197, 354, '2018-03-11 11:17:33', 'Comment of order form354'),
(356, 356, 813, 640197, 355, '2018-03-11 11:17:33', 'Comment of order form355'),
(357, 357, 814, 640197, 356, '2018-03-11 11:17:33', 'Comment of order form356'),
(358, 358, 815, 640197, 357, '2018-03-11 11:17:33', 'Comment of order form357'),
(359, 359, 816, 640197, 358, '2018-03-11 11:17:33', 'Comment of order form358'),
(360, 360, 817, 640197, 359, '2018-03-11 11:17:33', 'Comment of order form359'),
(361, 361, 818, 640197, 360, '2018-03-11 11:17:33', 'Comment of order form360'),
(362, 362, 819, 640197, 361, '2018-03-11 11:17:33', 'Comment of order form361'),
(363, 363, 820, 640197, 362, '2018-03-11 11:17:33', 'Comment of order form362'),
(364, 364, 821, 640197, 363, '2018-03-11 11:17:33', 'Comment of order form363'),
(365, 365, 822, 640197, 364, '2018-03-11 11:17:33', 'Comment of order form364'),
(366, 366, 823, 640197, 365, '2018-03-11 11:17:33', 'Comment of order form365'),
(367, 367, 824, 640197, 366, '2018-03-11 11:17:33', 'Comment of order form366'),
(368, 368, 825, 640197, 367, '2018-03-11 11:17:33', 'Comment of order form367'),
(369, 369, 826, 640197, 368, '2018-03-11 11:17:33', 'Comment of order form368'),
(370, 370, 827, 640197, 369, '2018-03-11 11:17:33', 'Comment of order form369'),
(371, 371, 828, 640197, 370, '2018-03-11 11:17:33', 'Comment of order form370'),
(372, 372, 829, 640197, 371, '2018-03-11 11:17:34', 'Comment of order form371'),
(373, 373, 830, 640197, 372, '2018-03-11 11:17:34', 'Comment of order form372'),
(374, 374, 831, 640197, 373, '2018-03-11 11:17:34', 'Comment of order form373'),
(375, 375, 832, 640197, 374, '2018-03-11 11:17:34', 'Comment of order form374'),
(376, 376, 833, 640197, 375, '2018-03-11 11:17:34', 'Comment of order form375'),
(377, 377, 834, 640197, 376, '2018-03-11 11:17:34', 'Comment of order form376'),
(378, 378, 835, 640197, 377, '2018-03-11 11:17:34', 'Comment of order form377'),
(379, 379, 836, 640197, 378, '2018-03-11 11:17:34', 'Comment of order form378'),
(380, 380, 837, 640197, 379, '2018-03-11 11:17:34', 'Comment of order form379'),
(381, 381, 838, 640197, 380, '2018-03-11 11:17:34', 'Comment of order form380'),
(382, 382, 839, 640197, 381, '2018-03-11 11:17:34', 'Comment of order form381'),
(383, 383, 840, 640197, 382, '2018-03-11 11:17:34', 'Comment of order form382'),
(384, 384, 841, 640197, 383, '2018-03-11 11:17:34', 'Comment of order form383'),
(385, 385, 842, 640197, 384, '2018-03-11 11:17:34', 'Comment of order form384'),
(386, 386, 843, 640197, 385, '2018-03-11 11:17:34', 'Comment of order form385'),
(387, 387, 844, 640197, 386, '2018-03-11 11:17:34', 'Comment of order form386'),
(388, 388, 845, 317602, 387, '2018-03-11 11:17:34', 'Comment of order form387'),
(389, 389, 846, 317602, 388, '2018-03-11 11:17:34', 'Comment of order form388'),
(390, 390, 847, 317602, 389, '2018-03-11 11:17:34', 'Comment of order form389'),
(391, 391, 848, 317602, 390, '2018-03-11 11:17:34', 'Comment of order form390'),
(392, 392, 849, 317602, 391, '2018-03-11 11:17:34', 'Comment of order form391'),
(393, 393, 850, 317602, 392, '2018-03-11 11:17:34', 'Comment of order form392'),
(394, 394, 851, 317602, 393, '2018-03-11 11:17:34', 'Comment of order form393'),
(395, 395, 852, 317602, 394, '2018-03-11 11:17:34', 'Comment of order form394'),
(396, 396, 853, 317602, 395, '2018-03-11 11:17:34', 'Comment of order form395'),
(397, 397, 854, 317602, 396, '2018-03-11 11:17:34', 'Comment of order form396'),
(398, 398, 855, 317602, 397, '2018-03-11 11:17:34', 'Comment of order form397'),
(399, 399, 856, 317602, 398, '2018-03-11 11:17:34', 'Comment of order form398'),
(400, 400, 857, 317602, 399, '2018-03-11 11:17:34', 'Comment of order form399'),
(401, 401, 858, 317602, 400, '2018-03-11 11:17:34', 'Comment of order form400'),
(402, 402, 859, 317602, 401, '2018-03-11 11:17:34', 'Comment of order form401');

-- --------------------------------------------------------

--
-- 表的结构 `dish`
--

CREATE TABLE `dish` (
  `ID` int(11) NOT NULL,
  `RESTAURANT_ID` int(11) NOT NULL,
  `NAME` varchar(20) NOT NULL,
  `PRICE` double NOT NULL,
  `PHOTO_PATH` varchar(100) NOT NULL,
  `DESCRIPTION` text NOT NULL
) ENGINE=InnoDB DEFAULT CHARSET=utf8;

--
-- 转存表中的数据 `dish`
--

INSERT INTO `dish` (`ID`, `RESTAURANT_ID`, `NAME`, `PRICE`, `PHOTO_PATH`, `DESCRIPTION`) VALUES
(459, 527625, '肉酱意粉', 25, './static/szu_restaurant/肉酱意粉.webp', '由牛肉、番茄等慢炖精致而成的意式经典纯正肉酱汁，大颗肉粒，进口牛肉，进口意大利番茄酱，进口橄榄油'),
(460, 527625, '芝士奶香培根意粉', 28, './static/szu_restaurant/芝士奶香培根意粉.webp', '芝士奶香培根意粉'),
(461, 527625, '無食经典珍珠奶茶', 15, './static/szu_restaurant/無食经典珍珠奶茶.webp', '我们引以为傲的香浓奶茶，搭配Q弹可口的珍珠，经典而又好喝！'),
(462, 527625, '巨火的网红包：脏脏包！！', 22, './static/szu_restaurant/巨火的网红包：脏脏包！！.webp', '【采用法国进口巧克力】很“脏”很好吃的巧克力脏脏包，是时下最流行的一大网红！&#10;正如其名，它看起来确实脏脏的，颜值丑陋但是无比好吃！最勾引人的莫过于满满法国进口可可粉的外表，所以吃完后满嘴都是巧克力！但是它的口感外脆里软，香甜不腻，非常棒哦！相信懂吃的你试过之后会迷恋它！'),
(463, 527625, '牛油果鸡肉沙拉', 35, './static/szu_restaurant/牛油果鸡肉沙拉.webp', '进口美国牛油果、香熏鸡肉、樱桃番茄、罗马绿，罗沙红、柠檬、配凯撒沙拉酱 1份酱'),
(464, 527625, '乳酪包', 9, './static/szu_restaurant/乳酪包.webp', '来自奥地利的三层流心芝士软包！入口就能感到顺滑的奶酪在口中蔓延，不仅不腻还会收不住嘴！'),
(465, 527625, '珍珠', 2, './static/szu_restaurant/珍珠.webp', '此产品仅为饮料加料，如无点饮料，默认为凑单不出品，感谢理解。'),
(466, 527625, '纯茶', 13, './static/szu_restaurant/纯茶.webp', '四种口味：精选纯正红茶、茉莉绿茶、台湾高山乌龙茶、还有秘方口感醇香的奶茶。'),
(467, 527625, '無食三宝饭', 39, './static/szu_restaurant/無食三宝饭.webp', '炫辣鸡排+维也纳香肠+卤肉+健康水煮蛋+西蓝花+菜花，一次性满足你的所有食欲'),
(468, 527625, '黑松露青豆野菇意粉', 34, './static/szu_restaurant/黑松露青豆野菇意粉.webp', '新鲜的蘑菇和青豆，加上进口意大利名贵黑松露菌酱，与鲜奶油拌炒浓稠鲜香，入口爽滑，口感丰富'),
(469, 527625, '烟熏鸡肉减肥沙拉', 32, './static/szu_restaurant/烟熏鸡肉减肥沙拉.webp', '香嫩烟熏鸡胸肉、樱桃番茄、香甜玉米粒、生菜、去核黑橄榄、搭配泰式甜辣酱，清新爽口。 配一份酱'),
(470, 527625, '牛油果鸡肉沙拉', 35, './static/szu_restaurant/牛油果鸡肉沙拉.webp', '进口美国牛油果、香熏鸡肉、樱桃番茄、罗马绿，罗沙红、柠檬、配凯撒沙拉酱 1份酱'),
(471, 527625, '汉堡+薯条-双层芝士牛肉汉堡', 36, './static/szu_restaurant/汉堡+薯条-双层芝士牛肉汉堡.webp', '进口牛肉饼搭配每天新鲜挑选的蔬菜，加上無食自家烘焙的燕麦汉堡包，好吃～'),
(472, 527625, '肉酱意粉', 25, './static/szu_restaurant/肉酱意粉.webp', '由牛肉、番茄等慢炖精致而成的意式经典纯正肉酱汁，大颗肉粒，进口牛肉，进口意大利番茄酱，进口橄榄油'),
(473, 527625, '秘制啤酒鸭饭+精选饮料', 36, './static/szu_restaurant/秘制啤酒鸭饭+精选饮料.webp', '微辣的主食全面升级，搭配新鲜时令蔬菜，健康水煮蛋，米饭加量，饱你满意 金桔柠檬'),
(474, 527625, '梅菜扣肉饭+精选饮料', 35, './static/szu_restaurant/梅菜扣肉饭+精选饮料.webp', '主食全面升级，搭配新鲜时令蔬菜，健康水煮蛋，米饭加量，饱你满意 金桔柠檬'),
(475, 527625, '芝士奶香培根意粉', 28, './static/szu_restaurant/芝士奶香培根意粉.webp', '芝士奶香培根意粉'),
(476, 527625, '薄荷奶绿', 9.9, './static/szu_restaurant/薄荷奶绿.webp', '纯正中国茉莉花绿茶调制而成的奶绿，添加薄荷之后，回甘会有一股淡淡的清凉味，在这个夏天解暑刚刚好！'),
(477, 527625, '吞拿鱼沙拉', 25, './static/szu_restaurant/吞拿鱼沙拉.webp', '进口金枪鱼、罗马绿，罗沙红、鸡蛋、柠檬、樱桃番茄、配凯撒沙拉酱，低脂肪、低热量、高蛋白'),
(478, 527625, '温泉蛋手撕鸡沙拉', 32, './static/szu_restaurant/温泉蛋手撕鸡沙拉.webp', '八成熟的温泉蛋，非常Q嫩，加上肉质松软的手撕鸡、玉米粒、日本白菇、黑白芝麻，配上浓郁的芝麻酱，是一款非常适合夏天进食的沙拉哦~'),
(479, 527625, '烟熏鸡肉减肥沙拉', 32, './static/szu_restaurant/烟熏鸡肉减肥沙拉.webp', '香嫩烟熏鸡胸肉、樱桃番茄、香甜玉米粒、生菜、去核黑橄榄、搭配泰式甜辣酱，清新爽口。 配一份酱'),
(480, 527625, '烟熏鸡肉减肥沙拉', 37, './static/szu_restaurant/烟熏鸡肉减肥沙拉.webp', '配两份酱－香嫩烟熏鸡胸肉、樱桃番茄、香甜玉米粒、生菜、去核黑橄榄、搭配泰式甜辣酱，清新爽口。'),
(481, 527625, '缤纷蔬菜沙拉', 20, './static/szu_restaurant/缤纷蔬菜沙拉.webp', '紫甘蓝、生菜、青瓜、红腰豆、樱桃番茄、甜玉米粒配培煎芝麻沙拉酱，清口解腻，爽口甘甜好滋味。'),
(482, 527625, '牛油果鸡肉沙拉', 35, './static/szu_restaurant/牛油果鸡肉沙拉.webp', '进口美国牛油果、香熏鸡肉、樱桃番茄、罗马绿，罗沙红、柠檬、配凯撒沙拉酱 1份酱'),
(483, 527625, '牛油果鸡肉沙拉', 40, './static/szu_restaurant/牛油果鸡肉沙拉.webp', '2份酱－进口美国牛油果、香熏鸡肉、樱桃番茄、罗马绿，罗沙红、柠檬、配凯撒沙拉酱'),
(484, 527625, '雪花牛肉沙拉', 35, './static/szu_restaurant/雪花牛肉沙拉.webp', '内有新鲜的蔬菜：土豆、三角豆、胡萝卜、玉米，还有口感脆嫩的日本白菇，加上份量充足的鲜嫩牛肉，配上黑椒蔬菜汁，饱腹感非常强。'),
(485, 527625, '牛油果大虾沙拉', 36, './static/szu_restaurant/牛油果大虾沙拉.webp', '进口美国牛油果、香烤大虾、樱桃番茄、新鲜煮蛋、罗马绿，罗沙红、柠檬、配凯撒沙拉酱'),
(486, 527625, '凯撒沙拉', 29, './static/szu_restaurant/凯撒沙拉.webp', '香烤培根、进口干帕马森干酪、香脆面包、罗马绿、干提、樱桃番茄、玉米粒配凯撒沙拉酱，口感美妙酥软'),
(487, 527625, '牛肉蛋白增肌塑型沙拉', 35, './static/szu_restaurant/牛肉蛋白增肌塑型沙拉.webp', '牛肉和蛋白是增肌塑形的必需品，如果您在健身、塑形、刷脂，这款搭配新西兰牛肉，蛋糕师每天新鲜打出来的蛋白，以及油醋汁的超低脂高蛋白的沙拉是你的主食不二之选！本店的腹肌健身小哥强烈推荐的新品！'),
(488, 527625, '汉堡+薯条-双层芝士牛肉汉堡', 36, './static/szu_restaurant/汉堡+薯条-双层芝士牛肉汉堡.webp', '进口牛肉饼搭配每天新鲜挑选的蔬菜，加上無食自家烘焙的燕麦汉堡包，好吃～'),
(489, 527625, '汉堡+薯条', 30, './static/szu_restaurant/汉堡+薯条.webp', '手打新鲜牛肉，龙利鱼柳，精选鸡扒，炸鸡，现烤面包'),
(490, 527625, '汉堡+薯条+鲜柠可乐', 37, './static/szu_restaurant/汉堡+薯条+鲜柠可乐.webp', '以面包、西生菜、番茄为标配的汉堡，搭配四种不同的肉类口味，赠送薯条和饮料，超值！'),
(491, 527625, '凯撒鸡肉卷', 22, './static/szu_restaurant/凯撒鸡肉卷.webp', '烟熏鸡肉和凯撒酱非常搭配，能量卷里最畅销的一款！'),
(492, 527625, '無食能量卷', 22, './static/szu_restaurant/無食能量卷.webp', '如果你不想吃太多面食，能量卷就是你的佳选。'),
(493, 527625, '黑松露青豆野菇意粉', 34, './static/szu_restaurant/黑松露青豆野菇意粉.webp', '新鲜的蘑菇和青豆，加上进口意大利名贵黑松露菌酱，与鲜奶油拌炒浓稠鲜香，入口爽滑，口感丰富'),
(494, 527625, '麻辣肉酱意面', 26, './static/szu_restaurant/麻辣肉酱意面.webp', '由牛肉、番茄等慢炖精致而成的意式经典纯正肉酱汁，大颗肉粒，进口牛肉，进口意大利番茄酱，进口橄榄油'),
(495, 527625, '芝士奶香培根意粉', 28, './static/szu_restaurant/芝士奶香培根意粉.webp', '芝士奶香培根意粉'),
(496, 527625, '雪花牛肉野菇意粉', 37, './static/szu_restaurant/雪花牛肉野菇意粉.webp', ''),
(497, 527625, '肉酱意粉', 25, './static/szu_restaurant/肉酱意粉.webp', '由牛肉、番茄等慢炖精致而成的意式经典纯正肉酱汁，大颗肉粒，进口牛肉，进口意大利番茄酱，进口橄榄油'),
(498, 527625, '大扒肉酱意粉', 38, './static/szu_restaurant/大扒肉酱意粉.webp', '黑椒肉酱意粉怒拼超级大扒 超值享受'),
(499, 527625, '黑椒肉酱意大利粉', 26, './static/szu_restaurant/黑椒肉酱意大利粉.webp', '由牛肉、番茄等慢炖精致而成的意式经典纯正肉酱汁，大颗肉粒，进口牛肉，进口橄榄油'),
(500, 527625, '维也纳香肠意粉', 34, './static/szu_restaurant/维也纳香肠意粉.webp', '进口维也纳肠，口感干爽开胃'),
(501, 527625, '海鲜意粉', 37, './static/szu_restaurant/海鲜意粉.webp', 'Q弹鲜美的虾仁和嚼劲十足的鱿鱼，加入辣椒和进口橄榄油翻炒入味，鲜香浓郁，荤绕唇齿。'),
(502, 527625, '炫辣鸡排', 16, './static/szu_restaurant/炫辣鸡排.webp', '微辣口味'),
(503, 527625, '瑞典肉丸', 14, './static/szu_restaurant/瑞典肉丸.webp', '来自瑞典的肉丸，口感非常实在，用料非常足，而且很有嚼劲哦！'),
(504, 527625, '酥脆香辣翅根', 12, './static/szu_restaurant/酥脆香辣翅根.webp', '美味的香辣翅根，酥脆酥脆的，建议点大份装，和身边的人分享，吃起来更香，让你一天好心情！'),
(505, 527625, '小吃拼盘', 32, './static/szu_restaurant/小吃拼盘.webp', '秘制薯条、进口维也纳香肠、香辣翅根、瑞典肉丸。'),
(506, 527625, '薯条', 12, './static/szu_restaurant/薯条.webp', '顶级进口薯条'),
(507, 527625, '秘制薯条&amp;蜂蜜芥末酱', 22, './static/szu_restaurant/秘制薯条&amp;蜂蜜芥末酱.webp', '进口秘制薯条，搭配可口的蜂蜜芥末酱，没有芥末那么呛，还带点甜甜的蜂蜜味～'),
(508, 527625, '维也纳香肠', 28, './static/szu_restaurant/维也纳香肠.webp', '进口维也纳香肠，香脆入味，口感一流！'),
(509, 527625, '蔬菜春卷', 12, './static/szu_restaurant/蔬菜春卷.webp', ''),
(510, 527625, '柠檬益力多', 19, './static/szu_restaurant/柠檬益力多.webp', '新鲜的柠檬和优格酸奶搭配在一起，酸酸甜甜。在饭后喝还有利于消化，喝上一口，给你带来一丝凉爽境意~'),
(511, 527625, '活力鲜橙C', 22, './static/szu_restaurant/活力鲜橙C.webp', '橙子维生素C含量丰富，几乎是维生素C的代名词，能增强人体抵抗力，亦能将脂溶性有害物质排出体外，是名实相符的保安康抗氧化剂。 埃及橙肉质脆嫩，甜中微酸，多汁可口。'),
(512, 527625, '鲜橙百香绿 ', 24, './static/szu_restaurant/鲜橙百香绿 .webp', '鲜香的橙子，加上百香果和绿茶，犹如怡人的清风拂面~'),
(513, 527625, '無食经典珍珠奶茶', 15, './static/szu_restaurant/無食经典珍珠奶茶.webp', '我们引以为傲的香浓奶茶，搭配Q弹可口的珍珠，经典而又好喝！'),
(514, 527625, '無食金桔柠檬茶', 14, './static/szu_restaurant/無食金桔柠檬茶.webp', '金桔、柠檬汁、话梅的创意搭配，酸爽味道中由多了一份咸甜感，是夏天必选饮品喔！'),
(515, 527625, '無食水果茶', 22, './static/szu_restaurant/無食水果茶.webp', '百香果，时令新鲜西瓜柠檬菠萝金桔。'),
(516, 527625, '無食蜂蜜柠檬红茶', 16, './static/szu_restaurant/無食蜂蜜柠檬红茶.webp', '甜甜的蜂蜜和酸酸柠檬，加入清凉红茶，夏日解暑又解腻哦~'),
(517, 527625, '無食红豆布丁奶绿', 16, './static/szu_restaurant/無食红豆布丁奶绿.webp', '纯正中国茉莉花绿茶调制而成的奶绿，添加布丁和红豆，份量十足！热饮没有布丁，因为布丁遇热会融化哟'),
(518, 527625, '無食芒果寒天绿茶', 18, './static/szu_restaurant/無食芒果寒天绿茶.webp', '芒果绿茶搭配份量十足的椰果还有寒天，适合喜欢料底多而又喜欢芒果甜味的你！'),
(519, 527625, '無食红豆奶茶', 15, './static/szu_restaurant/無食红豆奶茶.webp', '日本乌龙茶调制成乌龙奶茶，搭配可口红豆，好喝不腻！'),
(520, 527625, '黑砖仙草奶茶', 17, './static/szu_restaurant/黑砖仙草奶茶.webp', '超人气醇厚奶茶，搭配Q弹可口的黑糖冻和爽滑的仙草冻，风味独特，奶茶上选！'),
(521, 527625, '無食芒果欧蕾', 16, './static/szu_restaurant/無食芒果欧蕾.webp', '芒果绿茶和椰果的欢乐搭配，再加上一个鲜牛奶制作的奶盖，摇匀了之后，能尝到芒果奶昔的味道哦！'),
(522, 527625, '無食蜜桃水果茶', 22, './static/szu_restaurant/無食蜜桃水果茶.webp', '散发着蜜桃味道的水果茶，内含新鲜水果，好喝不腻！'),
(523, 527625, '芝士芒果绿', 19, './static/szu_restaurant/芝士芒果绿.webp', '独特秘方，新西兰芝士奶盖，搭配芒果绿茶，芝士很“芒”哦！'),
(524, 527625, '無食伯爵奶盖茶', 18, './static/szu_restaurant/無食伯爵奶盖茶.webp', '源自英国的原叶格蕾伯爵红茶，与鲜牛奶制作的奶盖搭配得相得益彰，散发出经典的英式味道，成为大众首选！'),
(525, 527625, '牛油果奶昔', 24, './static/szu_restaurant/牛油果奶昔.webp', '牛油果含多种维生素，丰富的脂肪中不饱和脂肪酸含量高达80%，为高能低糖水果。该饮料采用进口智利/墨西哥牛油果，添加鲜牛奶现打，养颜，健身的最佳选择！'),
(526, 527625, '無食宇治抹茶奶盖茶', 17, './static/szu_restaurant/無食宇治抹茶奶盖茶.webp', '融合了日式抹茶的香味，海盐奶盖似乎多了意粉来自岛国的惬意，细细品味，慢慢享受！'),
(527, 527625, '無食香米红豆抹茶', 20, './static/szu_restaurant/無食香米红豆抹茶.webp', '茉莉绿茶融入鲜牛奶，独特的味道中再加入香甜的红豆，好看又好喝！'),
(528, 527625, '無食珍珠奶盖茶', 17, './static/szu_restaurant/無食珍珠奶盖茶.webp', '无尽享受香浓奶茶的畅意，一口顺滑，一口好心情，添加Q弹的珍珠，口感更佳哟~'),
(529, 527625, '無食宇治抹茶珍珠奶盖茶', 18, './static/szu_restaurant/無食宇治抹茶珍珠奶盖茶.webp', '在招牌珍珠奶盖茶的基础上巧添新意，奶盖融入日式抹茶口味，给你更多选择，满足味蕾需求。'),
(530, 527625, '鲜柠雪碧', 11, './static/szu_restaurant/鲜柠雪碧.webp', '柠檬雪碧，加上冰块，最经典的喝法！'),
(531, 527625, '無食格雷三兄弟', 17, './static/szu_restaurant/無食格雷三兄弟.webp', 'Q弹珍珠、爽滑仙草、甜蜜布丁，丰富口感让格雷奶茶不再单调！热饮没有布丁，因为布丁遇热会溶解哟。'),
(532, 527625, '鲜柠可乐', 11, './static/szu_restaurant/鲜柠可乐.webp', '柠檬可乐，加上冰块，最经典的喝法！'),
(533, 527625, '無食仙草奶茶', 15, './static/szu_restaurant/無食仙草奶茶.webp', '经典醇香的奶茶配上多多的仙草，好喝又好消化哦！'),
(534, 527625, '無食海盐奶盖茶', 16, './static/szu_restaurant/無食海盐奶盖茶.webp', '无尽享受香浓奶茶的畅意，一口顺滑，一口好心情，添加Q弹的珍珠，口感更佳哟~'),
(535, 527625, '無食晶钻洛神花', 18, './static/szu_restaurant/無食晶钻洛神花.webp', '洛神花茶包，搭配寒天和金桔，消脂减肥的首选！'),
(536, 527625, '無食奥利奥黑白珍珠奶盖茶', 20, './static/szu_restaurant/無食奥利奥黑白珍珠奶盖茶.webp', '精选台湾红茶、日本乌龙茶、纯正中国茉莉花绿茶，融入奥利奥饼干奶盖，Q感珍珠，弹牙寒天，爽'),
(537, 527625, '無食寒天爱玉', 16, './static/szu_restaurant/無食寒天爱玉.webp', '清爽的金桔，柠檬汁，还有爽口的爱玉和Q弹得寒天，酸酸甜甜，冰凉一夏！'),
(538, 527625, '無食仙草蜜', 14, './static/szu_restaurant/無食仙草蜜.webp', '纯正中国茉莉花绿茶搭配份量超多的仙草冻，加入蜂蜜，完美融合~'),
(539, 527625, '纯茶', 13, './static/szu_restaurant/纯茶.webp', '四种口味：精选纯正红茶、茉莉绿茶、台湾高山乌龙茶、还有秘方口感醇香的奶茶。'),
(540, 527625, '酒之吻干白', 68, './static/szu_restaurant/酒之吻干白.webp', '2013年份，原产国西班牙，酒精度12.5，68为单瓶价格，无需开瓶器'),
(541, 527625, '薄荷奶绿', 16, './static/szu_restaurant/薄荷奶绿.webp', '纯正中国茉莉花绿茶调制而成的奶绿，添加薄荷之后，回甘会有一股淡淡的清凉味，在这个夏天解暑刚刚好！'),
(542, 527625, '椰汁菠萝', 22, './static/szu_restaurant/椰汁菠萝.webp', '采用新鲜菠萝果肉打碎，加入醇香的椰汁，香中略带酸感，推荐给喜欢酸酸甜甜的你！'),
(543, 527625, '薄荷柠檬绿', 17, './static/szu_restaurant/薄荷柠檬绿.webp', '经典的柠檬绿茶添加薄荷之后，更加百喝不腻！'),
(544, 527625, '牛油果拌饭', 32, './static/szu_restaurant/牛油果拌饭.webp', '牛油果的营养价值非常丰富，咀嚼时软糯可口，没有吃过这款水果的人，品尝过后瞬间也会对这个洋水果好感爆棚！再加上海苔、肉松、三角豆、玉米，以及温泉蛋后，牛油果的奶油口感被综合平衡了！最后，我们再撒上烘烤过的白芝麻，哼，不得了啊，那就更香了啦！'),
(545, 527625, '小炒黄牛肉饭', 29.8, './static/szu_restaurant/小炒黄牛肉饭.webp', '小炒黄牛肉是以牛肉、青尖椒、红尖椒等食材制成的一道菜品，香味浓郁，十分诱人。'),
(546, 527625, '风味烤肉饭', 29.8, './static/szu_restaurant/风味烤肉饭.webp', '带有孜然口味的烤肉，口感酥嫩，更加下饭哦~'),
(547, 527625, '卤肉拼瑞典肉丸饭', 29.8, './static/szu_restaurant/卤肉拼瑞典肉丸饭.webp', '瑞典肉丸主要由牛肉，猪肉、土豆等制成，咬下去带着稀薄的肉汁，口感松软有度，加上卤肉，味道更加多层次~'),
(548, 527625, '酸菜牛肉饭', 29.8, './static/szu_restaurant/酸菜牛肉饭.webp', '（辣味）如果你喜欢吃牛肉，也喜欢酸爽的口味，这酸菜和牛肉两者融合在一起的味道，赞到不行，就很适合你了。'),
(549, 527625, '午餐肉拼卤肉饭', 29.8, './static/szu_restaurant/午餐肉拼卤肉饭.webp', '不可单点，仅限米饭、汉堡、沙拉、意粉加料，加在哪一份餐里请备注'),
(550, 527625, '维也纳香肠拼卤肉饭', 29.8, './static/szu_restaurant/维也纳香肠拼卤肉饭.webp', '进口维也纳香肠，搭配台湾卤肉，完美融合，更加饱腹！'),
(551, 527625, '台湾卤肉饭', 29.8, './static/szu_restaurant/台湾卤肉饭.webp', '主食全面升级，搭配新鲜时令蔬菜，健康水煮蛋，米饭加量，饱你满意'),
(552, 527625, '盐焗手撕鸡饭', 29.8, './static/szu_restaurant/盐焗手撕鸡饭.webp', '盐焗手撕鸡 略咸 非常适合下饭'),
(553, 527625, '黑椒牛肉酱拼双培根拌饭', 29.8, './static/szu_restaurant/黑椒牛肉酱拼双培根拌饭.webp', '黑椒牛肉酱拼双培根拌饭'),
(554, 527625, '黑椒牛肉拼牛肉饼饭', 29.8, './static/szu_restaurant/黑椒牛肉拼牛肉饼饭.webp', '黑椒牛肉拼牛肉饼饭'),
(555, 527625, '秘制啤酒鸭饭', 29.8, './static/szu_restaurant/秘制啤酒鸭饭.webp', '微辣的主食全面升级，搭配新鲜时令蔬菜，健康水煮蛋，米饭加量，饱你满意'),
(556, 527625, '农家小炒肉饭（极辣）', 29.8, './static/szu_restaurant/农家小炒肉饭（极辣）.webp', '主食全面升级，搭配新鲜时令蔬菜，健康水煮蛋，米饭加量，饱你满意'),
(557, 527625, '梅菜扣肉饭', 29.8, './static/szu_restaurant/梅菜扣肉饭.webp', '主食全面升级，搭配新鲜时令蔬菜，健康水煮蛋，米饭加量，饱你满意'),
(558, 527625, '黑椒牛肉拌饭', 29.8, './static/szu_restaurant/黑椒牛肉拌饭.webp', '黑椒牛肉拌饭'),
(559, 527625, '無食三宝饭', 39, './static/szu_restaurant/無食三宝饭.webp', '炫辣鸡排+维也纳香肠+卤肉+健康水煮蛋+西蓝花+菜花，一次性满足你的所有食欲'),
(560, 527625, '炫辣鸡排拼卤肉饭', 29.8, './static/szu_restaurant/炫辣鸡排拼卤肉饭.webp', '炫辣炸鸡排拼卤肉~实惠价钱，双重享受！'),
(561, 527625, '酱爆牛肉饭', 29.8, './static/szu_restaurant/酱爆牛肉饭.webp', '（微辣）酱爆牛肉的色泽酱红，味浓鲜香，甜辣适口，非常适合下饭。'),
(562, 527625, '金桔柠檬+肉酱意粉+轻乳酪蛋糕商务套餐', 45, './static/szu_restaurant/金桔柠檬+肉酱意粉+轻乳酪蛋糕商务套餐.webp', '一次性解决满足你的正餐以及下午茶。需要热饮请备注'),
(563, 527625, '梅菜扣肉饭+精选饮料', 35, './static/szu_restaurant/梅菜扣肉饭+精选饮料.webp', '主食全面升级，搭配新鲜时令蔬菜，健康水煮蛋，米饭加量，饱你满意 金桔柠檬'),
(564, 527625, '梅菜扣肉饭+精选饮料', 37, './static/szu_restaurant/梅菜扣肉饭+精选饮料.webp', '主食全面升级，搭配新鲜时令蔬菜，健康水煮蛋，米饭加量，饱你满意'),
(565, 527625, '秘制啤酒鸭饭+精选饮料', 36, './static/szu_restaurant/秘制啤酒鸭饭+精选饮料.webp', '微辣的主食全面升级，搭配新鲜时令蔬菜，健康水煮蛋，米饭加量，饱你满意 金桔柠檬'),
(566, 527625, '秘制啤酒鸭饭+精选饮料', 38, './static/szu_restaurant/秘制啤酒鸭饭+精选饮料.webp', '微辣的主食全面升级，搭配新鲜时令蔬菜，健康水煮蛋，米饭加量，饱你满意'),
(567, 527625, '炫辣鸡排拼卤肉饭+精选饮料', 36, './static/szu_restaurant/炫辣鸡排拼卤肉饭+精选饮料.webp', '各种材料采用进口材料，安全健康有保证，加多一杯饮料超值！'),
(568, 527625, '农家小炒肉（极辣）+精选饮料', 35, './static/szu_restaurant/农家小炒肉（极辣）+精选饮料.webp', '主食全面升级，搭配新鲜时令蔬菜，健康水煮蛋，米饭加量，饱你满意'),
(569, 527625, '香辣翅根+鲜柠可乐', 25, './static/szu_restaurant/香辣翅根+鲜柠可乐.webp', '有了美滋滋的鸡翅，再来一杯鲜柠可乐，爽歪歪~'),
(570, 527625, '盐焗手撕鸡饭 +精选饮料', 36, './static/szu_restaurant/盐焗手撕鸡饭 +精选饮料.webp', '盐焗手撕鸡 略咸 非常适合下饭，再来一杯饮料，好吃好喝！'),
(571, 527625, '维也纳香肠拼卤肉饭+精选饮料', 36, './static/szu_restaurant/维也纳香肠拼卤肉饭+精选饮料.webp', '进口维也纳香肠，搭配台湾卤肉，完美融合，更加饱腹！再来一杯饮料，超值！'),
(572, 527625, '台湾卤肉饭+精选饮料', 35, './static/szu_restaurant/台湾卤肉饭+精选饮料.webp', '主食全面升级，搭配新鲜时令蔬菜，健康水煮蛋，米饭加量，饱你满意，加多一杯饮料超值！'),
(573, 527625, '巧克力奶酪包', 14, './static/szu_restaurant/巧克力奶酪包.webp', '巧克力味道的奶酪包还有巧克力脆，味道非常赞哟'),
(574, 527625, '香骨肉包', 10, './static/szu_restaurant/香骨肉包.webp', '骨肉相连和松软的面包柔和在一起，加上会跳跃的柴鱼片，给我一个不爱它的理由~'),
(575, 527625, '黑面神', 9, './static/szu_restaurant/黑面神.webp', '酥软的面包皮，添加了巧克力的味道，与众不同，加上内里的肉松，这就是奇妙的黑面神啦~'),
(576, 527625, '巨火的网红包：脏脏包！！', 22, './static/szu_restaurant/巨火的网红包：脏脏包！！.webp', '【采用法国进口巧克力】很“脏”很好吃的巧克力脏脏包，是时下最流行的一大网红！&#10;正如其名，它看起来确实脏脏的，颜值丑陋但是无比好吃！最勾引人的莫过于满满法国进口可可粉的外表，所以吃完后满嘴都是巧克力！但是它的口感外脆里软，香甜不腻，非常棒哦！相信懂吃的你试过之后会迷恋它！'),
(577, 527625, '强推爆款：酸奶冰淇淋', 12, './static/szu_restaurant/强推爆款：酸奶冰淇淋.webp', '酸奶味道的冰淇淋馅面包，清爽不腻！加上柔韧到不行的面团，颜值软萌的色泽，给我一个不爱它的理由？总之就是好吃到迎风流泪！剁手买买买！'),
(578, 527625, '鸡肉肠包 ', 9, './static/szu_restaurant/鸡肉肠包 .webp', ''),
(579, 527625, '法式提子 ', 8, './static/szu_restaurant/法式提子 .webp', ''),
(580, 527625, '草莓奶酪包', 12, './static/szu_restaurant/草莓奶酪包.webp', '本店最畅销的奶酪包，加上水果，让你的味蕾更加丰富！'),
(581, 527625, '黄桃奶酪包', 12, './static/szu_restaurant/黄桃奶酪包.webp', '本店最畅销的奶酪包，加上水果，让你的味蕾更加丰富！'),
(582, 527625, '乳酪包', 9, './static/szu_restaurant/乳酪包.webp', '来自奥地利的三层流心芝士软包！入口就能感到顺滑的奶酪在口中蔓延，不仅不腻还会收不住嘴！'),
(583, 527625, '人气爆棚菠萝油', 9, './static/szu_restaurant/人气爆棚菠萝油.webp', '刚出炉的菠萝包再夹上一片冰冻的咸味进口黄油，酥香的菠萝皮与浓郁的奶油馅结合，十分惹味！'),
(584, 527625, '甜甜圈家族（8个分享装）', 63, './static/szu_restaurant/甜甜圈家族（8个分享装）.webp', '每种味道的甜甜圈都是那么招人喜欢！随机8个软萌可爱的甜甜圈儿，采用高档的無食披萨盒包装，和朋友一起分享，美观大方，又美味~&#10;我们会尽量让每个口味的甜甜圈都亮相，凑齐8个口味~如果其中的产品售罄了，某些口味可能会给你两个哦~味道依然很赞！'),
(585, 527625, '甜甜圈（2个装）', 16, './static/szu_restaurant/甜甜圈（2个装）.webp', '随机两个甜甜圈和别人分享或者是自己吃都更加保存，味道还是那么棒~也很适合送人哦！'),
(586, 527625, '甜甜圈（巧克力酱装饰类）', 8, './static/szu_restaurant/甜甜圈（巧克力酱装饰类）.webp', '甜甜圈，是一种富有历史意义的、充满情趣的美食，是一种日常的小吃，更是一种爱与情感的体现。各种包裹巧克力酱味道的甜甜圈，冰冻过后，口感脆软，赋予它新的味道。'),
(587, 527625, '经典甜甜圈类', 7, './static/szu_restaurant/经典甜甜圈类.webp', '甜甜圈又称多拿滋、唐纳滋，在美国是一种最受欢迎的甜品。经典类的甜甜圈是覆盖着白糖或者加入奶油馅的味道，现在还有覆盖肉松的味道选择噢～'),
(588, 527625, '鸡肉帕尼尼', 14, './static/szu_restaurant/鸡肉帕尼尼.webp', '帕尼尼是意大利的一种三明治。本面包采用無食低热量的烟熏鸡肉，搭配西红柿和西生菜，清爽的组合搭上柔软奶香的面包胚，保证营养全面和均衡，大口要下去，只想说一句：再、来、一、个！'),
(589, 527625, '牛肉蛋堡', 14, './static/szu_restaurant/牛肉蛋堡.webp', '松软的面包，可口的牛肉，鲜嫩的煎蛋还有清新的蔬菜，完美的一天，从一个充满能量的面包开始~'),
(590, 527625, '维也纳香肠芝士包', 9, './static/szu_restaurant/维也纳香肠芝士包.webp', '咸咸甜甜的芝士，融合松软的面包，加上招牌维也纳香肠，肉食者的最爱，真好吃呀~'),
(591, 527625, '肉松干酪', 10, './static/szu_restaurant/肉松干酪.webp', '肉松很多很多很多！肉松控必选！面包非常非常非常松软！突破传统的肉松包做法，添加了芝士干酪，回购率101%。'),
(592, 527625, '匈牙利培根', 8, './static/szu_restaurant/匈牙利培根.webp', '松软的面包撒上薄薄的一层甜椒粉配合上诱人的芝士，里面包裹着香滑的培根，一口咬下去，培根、芝士、甜红椒、沙拉酱的味道同时在嘴里弥漫开来，培根的咸，芝士的香，沙拉酱的甜……融合在一起，简直太满足！！&#10;'),
(593, 527625, '黑麦提子', 8, './static/szu_restaurant/黑麦提子.webp', '低热量、低脂肪的全麦面包，添加奶酪夹心，还有提子，非常有内涵的一款面包，吐血推荐！'),
(594, 527625, '黄金魔方', 9, './static/szu_restaurant/黄金魔方.webp', '吐司是营养值最高的面包，含有丰富的蛋白质，抹上进口乳酪，齿颊留香！'),
(595, 527625, '牛油夹心', 8, './static/szu_restaurant/牛油夹心.webp', '这是一个会让你吃完觉得平凡中带着惊喜的面包！口感软软绵绵，加上那片进口牛油，绝了！单个起销售。'),
(596, 527625, '蜂蜜吐司', 8, './static/szu_restaurant/蜂蜜吐司.webp', '醇厚的吐司，淋上纯天然进口的蜂蜜，烤过之后，九宫格的样子萌萌又好吃！'),
(597, 527625, '芝士奶香', 10, './static/szu_restaurant/芝士奶香.webp', '味道非常香醇，中间的芝士馅让它又看似简单的外表显得没那么普通，如果你喜欢简单的面包，这一款甜度适中，略带芝士咸味的面包就是不二之选。&#10;'),
(598, 527625, '黄金香脆面包（盒装6片）', 19, './static/szu_restaurant/黄金香脆面包（盒装6片）.webp', '涂了黄油的面包，奶香四溢，酥脆可口，既适合作为早餐食用，又可以当零食解馋吃~可以存放2天左右哦！'),
(599, 527625, '每日鲜吐司', 12, './static/szu_restaurant/每日鲜吐司.webp', '每天现烤现切，保质期2-3天'),
(600, 527625, '小野葱香曲奇', 14, './static/szu_restaurant/小野葱香曲奇.webp', '曲奇饼干花样和口味繁多，但是甜味的居多，咸香的曲奇其实非常好吃，加入小野香葱碎味道真心不错。酥松爽脆，让人胃口大开！'),
(601, 527625, '蔓越莓曲奇', 16, './static/szu_restaurant/蔓越莓曲奇.webp', '进口材料，浓郁香味的曲奇和饼干！'),
(602, 527625, '乳香曲奇 ', 14, './static/szu_restaurant/乳香曲奇 .webp', ''),
(603, 527625, '清柠慕斯', 18, './static/szu_restaurant/清柠慕斯.webp', '夏天来了，需要一款清爽不腻的蛋糕，青柠慕斯肯定合你的胃口哦'),
(604, 527625, '绿野仙踪  ', 18, './static/szu_restaurant/绿野仙踪  .webp', '抹茶戚风蛋糕带着浓郁的抹茶味。当中的奶油能让你过一把嘴瘾，而抹茶能预防高血压的抹茶，咬上一口都会充满着淡淡的茶香，是一款好吃又健康，视觉与味觉上的双重享受的高颜值蛋糕！'),
(605, 527625, '草莓慕斯杯', 15, './static/szu_restaurant/草莓慕斯杯.webp', '杯装的草莓慕斯让你可以随意享受它的酸酸甜甜。冷藏过后冰冰凉凉，口感更佳。'),
(606, 527625, '蓝莓芝士蛋糕', 24, './static/szu_restaurant/蓝莓芝士蛋糕.webp', '新鲜进口的蓝莓，酸甜适中，吃完之后，你会更加坚信蓝莓跟芝士是最绝配的一对，酸甜和浓郁互相交融！'),
(607, 527625, '榴莲千层', 24, './static/szu_restaurant/榴莲千层.webp', '非常醇香自然的奶油味，加上不同口味的馅料，蛋香、奶香、果香，丰富的味道让你无限留恋千层蛋糕带有的湿润度。加上酥皮一层一层的堆叠，丰富的层次，吃起来非常酸爽可口，一点也不腻。'),
(608, 527625, '提拉米苏', 18, './static/szu_restaurant/提拉米苏.webp', '带有朗姆酒的提拉米苏在意大利文的意思是“带我走”，意指吃了此等美味，就会幸福得飘飘然！'),
(609, 527625, '酥皮泡芙（盒装）', 20, './static/szu_restaurant/酥皮泡芙（盒装）.webp', '酥皮泡芙比普通泡芙多了一层像菠萝包一样酥脆的表皮，味道因此更丰富了~口感也很惊艳哦！'),
(610, 527625, '冰奶泡芙', 22, './static/szu_restaurant/冰奶泡芙.webp', '一盒10来个小东西，不太甜不太腻，又能打发馋瘾发作！一口下去，“嘭”，冰冻过的奶油在嘴里爆开！'),
(611, 527625, '椰奶奶冻', 19, './static/szu_restaurant/椰奶奶冻.webp', '精选进口椰汁和椰蓉丝制成，香滑绵软，入口即化。冷藏过后，风味更佳，是夏天消暑的良好选择！'),
(612, 527625, '木糠蛋糕', 18, './static/szu_restaurant/木糠蛋糕.webp', '木糠蛋糕是一道冷冻甜品，它入口即溶，又不太甜腻，但要想达到最佳口感，还是要在它从冰箱里取出后趁快吃，以免融化哦！'),
(613, 527625, '轻乳酪芝士蛋糕（小个装）', 15, './static/szu_restaurant/轻乳酪芝士蛋糕（小个装）.webp', '它实在是很美味哦，蛋糕细腻、入口即化，咬上一口，那纯正的乳酪香味，在唇齿之间弥漫，让人久久回味……'),
(614, 527625, '岩烧蛋糕（半个装）', 16, './static/szu_restaurant/岩烧蛋糕（半个装）.webp', '如果你吃了一次岩烧蛋糕，一定会被它迷住！光吃表面那层薄芝士皮，,就让人幸福到想掉泪！这种幸福的甜蜜好滋味不容错过！'),
(615, 527625, '红丝绒蛋糕', 18, './static/szu_restaurant/红丝绒蛋糕.webp', '红丝绒蛋糕是美国的一个传统蛋糕，采用天然红曲粉，做出来的颜色惊艳、靓丽！吃起来绵密醇厚不失松软，而且不是很甜，口感非常好，很湿软~'),
(616, 527625, '虎皮卷', 14, './static/szu_restaurant/虎皮卷.webp', '虎皮卷是戚风蛋糕的一种，外面一层香香软软的薄层，里面的蛋糕夹着甜甜的奶油，每咬一口都是惊喜。'),
(617, 527625, '拼装芝士生日蛋糕', 230, './static/szu_restaurant/拼装芝士生日蛋糕.webp', '草莓、蓝莓、提拉米苏三种口味混搭，一次性满足你的多种口味要求！需要加写巧克力生日牌的请在下单时备注内容。'),
(618, 527625, '蓝莓芝士生日蛋糕', 230, './static/szu_restaurant/蓝莓芝士生日蛋糕.webp', '进口新鲜蓝莓+無食家招牌芝士，生日好礼！需要加写巧克力生日牌的请在下单时备注内容。'),
(619, 527625, '草莓芝士生日蛋糕', 230, './static/szu_restaurant/草莓芝士生日蛋糕.webp', '新鲜草莓+無食家招牌芝士，生日聚会精选！需要加写巧克力生日牌的请在下单时备注内容。'),
(620, 527625, '提拉米苏生日蛋糕', 190, './static/szu_restaurant/提拉米苏生日蛋糕.webp', '高大上而又价格亲民的提拉米苏，下午茶、生日怎能少了它？需要加写巧克力生日牌的请在下单时备注内容。'),
(621, 527625, '凑满减', 1, './static/szu_restaurant/凑满减.webp', ''),
(622, 527625, '泰式辣椒酱', 6, './static/szu_restaurant/泰式辣椒酱.webp', '酸甜的酱料，让你更加开胃'),
(623, 527625, '智利牛油果1/4个', 8, './static/szu_restaurant/智利牛油果1_4个.webp', '产自墨西哥智利，四分之一个销售，不可单独点餐，沙拉加料区'),
(624, 527625, '烟熏鸡肉60克', 15, './static/szu_restaurant/烟熏鸡肉60克.webp', '60克，不可单独点餐，沙拉加料区'),
(625, 527625, '进口牛肉饼', 10, './static/szu_restaurant/进口牛肉饼.webp', '不可单点，仅限米饭、汉堡、沙拉、意粉加料，加在哪一份餐里请备注'),
(626, 527625, '午餐肉一块', 10, './static/szu_restaurant/午餐肉一块.webp', '不可单点，仅限米饭、汉堡、沙拉、意粉加料，加在哪一份餐里请备注'),
(627, 527625, '水煮蛋1个', 6, './static/szu_restaurant/水煮蛋1个.webp', '图片切片仅为拍照，出品为一个对半切'),
(628, 527625, '焙煎芝麻酱', 6, './static/szu_restaurant/焙煎芝麻酱.webp', '进口酱料调制而成，口感一流，可以用作各种小吃、沙拉的蘸酱，更多用途，等你来发现！'),
(629, 527625, '蜂蜜芥末酱', 6, './static/szu_restaurant/蜂蜜芥末酱.webp', '进口酱料调制而成，口感一流，可以用作各种小吃、沙拉的蘸酱，更多用途，等你来发现！'),
(630, 527625, '凯撒酱', 6, './static/szu_restaurant/凯撒酱.webp', '进口酱料调制而成，口感一流，可以用作各种小吃、沙拉的蘸酱，更多用途，等你来发现！'),
(631, 527625, '珍珠', 2, './static/szu_restaurant/珍珠.webp', '此产品仅为饮料加料，如无点饮料，默认为凑单不出品，感谢理解。'),
(632, 527625, '奥利奥', 4, './static/szu_restaurant/奥利奥.webp', '此产品仅为饮料加料，如无点饮料，默认为凑单不出品，感谢理解。'),
(633, 527625, '布丁', 2, './static/szu_restaurant/布丁.webp', '热饮无法加布丁，会融化。此产品仅为饮料加料，如无点饮料，默认为凑单不出品，感谢理解。'),
(634, 527625, '爱玉', 2, './static/szu_restaurant/爱玉.webp', '此产品仅为饮料加料，如无点饮料，默认为凑单不出品，感谢理解。'),
(635, 527625, '秋葵2根', 6, './static/szu_restaurant/秋葵2根.webp', '素有蔬菜王之称，其嫩荚肉质柔嫩，含有由果胶及多糖组成的粘性物质，口感爽滑。'),
(636, 527625, '寒天', 4, './static/szu_restaurant/寒天.webp', '此产品仅为饮料加料，如无点饮料，默认为凑单不出品，感谢理解。'),
(637, 527625, '黑糖冻', 4, './static/szu_restaurant/黑糖冻.webp', '此产品仅为饮料加料，如无点饮料，默认为凑单不出品，感谢理解。'),
(638, 527625, '红豆', 2, './static/szu_restaurant/红豆.webp', '此产品仅为饮料加料，如无点饮料，默认为凑单不出品，感谢理解。'),
(639, 527625, '进口香米', 2, './static/szu_restaurant/进口香米.webp', '此产品仅为饮料加料，如无点饮料，默认为凑单不出品，感谢理解。'),
(640, 527625, '仙草冻', 2, './static/szu_restaurant/仙草冻.webp', '此产品仅为饮料加料，如无点饮料，默认为凑单不出品，感谢理解。'),
(641, 527625, '椰果', 2, './static/szu_restaurant/椰果.webp', '此产品仅为饮料加料，如无点饮料，默认为凑单不出品，感谢理解。'),
(642, 527625, '原味奶盖', 4, './static/szu_restaurant/原味奶盖.webp', '此产品仅为饮料加料，如无点饮料，默认为凑单不出品，感谢理解。'),
(643, 527625, '专业团餐下午茶定制', 1, './static/szu_restaurant/专业团餐下午茶定制.webp', '我们是片区内优秀的企业餐饮供应商，目前已为今日头条、特斯拉、顺丰、分期乐、汇顶等多家上市公司服务，是销量与口碑良好的服务商。根据您的需求，我们可为您提供西式简餐（意粉、沙拉、汉堡、披萨）、新鲜面包、手工蛋糕、中式米饭等多种组合，详情可致电：13430835520'),
(644, 527625, '高品质食用油，放心使用', 1, './static/szu_restaurant/高品质食用油，放心使用.webp', '拒绝地沟油，只为您的健康'),
(645, 527625, '高品质一次性餐盒餐具', 2, './static/szu_restaurant/高品质一次性餐盒餐具.webp', '食品级可循环再造材质，消费的同时也在公益'),
(646, 527625, '进口食材，安全有保证', 1, './static/szu_restaurant/进口食材，安全有保证.webp', '大部分食材都是进口食材，请放心用餐'),
(647, 527625, '开放式厨房&amp;水吧&amp;烘焙部', 1, './static/szu_restaurant/开放式厨房&amp;水吧&amp;烘焙部.webp', '制作过程全透明，看得见的放心、保证'),
(648, 527625, '正规实体店面', 1, './static/szu_restaurant/正规实体店面.webp', '欢迎前来堂食用餐，口感更佳'),
(649, 527625, '打赏小费', 1, './static/szu_restaurant/打赏小费.webp', '喜欢本店，欢迎打赏'),
(650, 527625, '正规渠道原材料', 1, './static/szu_restaurant/正规渠道原材料.webp', '所有原材料均有食品检测报告，请放心用餐'),
(651, 527625, '支持环保，我用纸袋', 1, './static/szu_restaurant/支持环保，我用纸袋.webp', '减少使用塑料袋，请选用纸袋。感谢您支持环保~减少使用塑料袋，请选用纸袋。感谢您支持环保~'),
(652, 527625, '承接各类茶歇宴会量', 88, './static/szu_restaurant/承接各类茶歇宴会量.webp', '身定制的风格以及产品，详情请咨询13430835520。'),
(653, 527625, 'hello kittyC', 168, './static/szu_restaurant/hello kittyC.webp', ''),
(654, 527625, 'HELLO KITTY E', 168, './static/szu_restaurant/HELLO KITTY E.webp', ''),
(655, 527625, '白雪公主A ', 168, './static/szu_restaurant/白雪公主A .webp', ''),
(656, 527625, '彩虹A', 168, './static/szu_restaurant/彩虹A.webp', ''),
(657, 527625, '彩虹B', 168, './static/szu_restaurant/彩虹B.webp', ''),
(658, 527625, '彩虹C', 168, './static/szu_restaurant/彩虹C.webp', ''),
(659, 527625, '哆啦a梦 A', 168, './static/szu_restaurant/哆啦a梦 A.webp', ''),
(660, 527625, '哆啦a梦B', 168, './static/szu_restaurant/哆啦a梦B.webp', ''),
(661, 527625, '花仙子A', 168, './static/szu_restaurant/花仙子A.webp', ''),
(662, 527625, '卡通世界', 168, './static/szu_restaurant/卡通世界.webp', ''),
(663, 527625, '蜡笔小新A', 168, './static/szu_restaurant/蜡笔小新A.webp', ''),
(664, 527625, '深蓝海洋', 168, './static/szu_restaurant/深蓝海洋.webp', ''),
(665, 527625, '圣诞A', 168, './static/szu_restaurant/圣诞A.webp', ''),
(666, 527625, '圣诞B', 168, './static/szu_restaurant/圣诞B.webp', ''),
(667, 527625, '圣诞C', 168, './static/szu_restaurant/圣诞C.webp', ''),
(668, 527625, '圣诞D', 168, './static/szu_restaurant/圣诞D.webp', ''),
(669, 527625, '圣诞G', 168, './static/szu_restaurant/圣诞G.webp', ''),
(670, 527625, '圣诞H ', 168, './static/szu_restaurant/圣诞H .webp', ''),
(671, 527625, '圣诞K', 168, './static/szu_restaurant/圣诞K.webp', ''),
(672, 527625, '塔马斯A', 168, './static/szu_restaurant/塔马斯A.webp', ''),
(673, 527625, '托马斯E', 168, './static/szu_restaurant/托马斯E.webp', ''),
(674, 527625, '托马斯F', 168, './static/szu_restaurant/托马斯F.webp', ''),
(675, 527625, '娃娃1 ', 168, './static/szu_restaurant/娃娃1 .webp', ''),
(676, 527625, '娃娃2', 168, './static/szu_restaurant/娃娃2.webp', ''),
(677, 527625, '娃娃3', 168, './static/szu_restaurant/娃娃3.webp', ''),
(678, 527625, '娃娃4', 168, './static/szu_restaurant/娃娃4.webp', ''),
(679, 527625, '娃娃5 ', 168, './static/szu_restaurant/娃娃5 .webp', ''),
(680, 527625, '娃娃6', 168, './static/szu_restaurant/娃娃6.webp', ''),
(681, 527625, '小火车A', 168, './static/szu_restaurant/小火车A.webp', ''),
(682, 527625, '小火车B', 168, './static/szu_restaurant/小火车B.webp', ''),
(683, 527625, '小屋A', 168, './static/szu_restaurant/小屋A.webp', ''),
(684, 527625, '小猪佩奇A', 168, './static/szu_restaurant/小猪佩奇A.webp', ''),
(685, 527625, '小猪佩奇B', 168, './static/szu_restaurant/小猪佩奇B.webp', ''),
(686, 527625, '小猪佩奇C', 168, './static/szu_restaurant/小猪佩奇C.webp', ''),
(687, 527625, '熊出没A', 168, './static/szu_restaurant/熊出没A.webp', ''),
(688, 640197, '麦辣鸡翅2块', 11.5, './static/szu_restaurant/640197/麦辣鸡翅2块.webp', '例－麦辣鸡翅2块（主要原料：鸡肉，腌料，裹粉，油）'),
(689, 640197, '麦乐鸡5块', 11.5, './static/szu_restaurant/640197/麦乐鸡5块.webp', '例－5块麦乐鸡（主要原料：鸡肉，油）'),
(690, 640197, '经典麦辣鸡腿汉堡中薯套餐', 32, './static/szu_restaurant/640197/经典麦辣鸡腿汉堡中薯套餐.webp', '1个经典麦辣鸡腿汉堡 1份薯条(中) 1杯可口可乐(中)'),
(691, 640197, '原味板烧鸡腿堡中薯套餐', 32, './static/szu_restaurant/640197/原味板烧鸡腿堡中薯套餐.webp', '1个原味板烧鸡腿堡 1份薯条(中) 1杯可口可乐(中)'),
(692, 640197, '麦辣鸡翅4块', 23, './static/szu_restaurant/640197/麦辣鸡翅4块.webp', '例－麦辣鸡翅4块（主要原料：鸡肉，腌料，裹粉，油）'),
(693, 640197, '原味板烧鸡腿堡大薯套餐', 36, './static/szu_restaurant/640197/原味板烧鸡腿堡大薯套餐.webp', '1个原味板烧鸡腿堡 1份薯条(大) 1杯可口可乐(大)'),
(694, 640197, '香骨鸡腿', 13, './static/szu_restaurant/640197/香骨鸡腿.webp', '例－主要原料：鸡肉，油'),
(695, 640197, '经典麦辣鸡腿汉堡', 20, './static/szu_restaurant/640197/经典麦辣鸡腿汉堡.webp', '例－主要原料：面包、鸡肉、生菜、风味沙拉酱'),
(696, 640197, '原味板烧鸡腿堡', 20, './static/szu_restaurant/640197/原味板烧鸡腿堡.webp', '例－主要原料：面包、鸡肉、生菜、风味沙拉酱'),
(697, 640197, '那么大鸡小块 1份', 16, './static/szu_restaurant/640197/那么大鸡小块 1份.webp', '份－1份那么大鸡小块（主要原料：鸡肉，油）'),
(698, 640197, '充电工作餐 麦辣鸡腿堡鸡翅餐', 41, './static/szu_restaurant/640197/充电工作餐 麦辣鸡腿堡鸡翅餐.webp', '麦辣鸡腿堡1个 辣翅1对 中可1杯'),
(699, 640197, '充电工作餐 巨无霸鸡翅餐', 44, './static/szu_restaurant/640197/充电工作餐 巨无霸鸡翅餐.webp', '巨无霸1个 辣翅1对 中可1杯'),
(700, 640197, '充电工作餐 板烧鸡腿堡鸡翅餐', 41, './static/szu_restaurant/640197/充电工作餐 板烧鸡腿堡鸡翅餐.webp', '原味板烧鸡腿堡1个 辣翅1对 中可1杯'),
(701, 640197, '充电工作餐俄式红肠双鸡堡鸡翅餐', 42, './static/szu_restaurant/640197/充电工作餐俄式红肠双鸡堡鸡翅餐.webp', '俄式红肠双鸡堡1个 辣翅1对 中可1杯'),
(702, 640197, '充电工作餐 麦辣鸡腿堡鸡翅餐', 41, './static/szu_restaurant/640197/充电工作餐 麦辣鸡腿堡鸡翅餐.webp', '麦辣鸡腿堡1个 辣翅1对 中可1杯'),
(703, 640197, '充电工作餐 板烧鸡腿堡鸡翅餐', 41, './static/szu_restaurant/640197/充电工作餐 板烧鸡腿堡鸡翅餐.webp', '原味板烧鸡腿堡1个 辣翅1对 中可1杯'),
(704, 640197, '充电工作餐 巨无霸鸡翅餐', 44, './static/szu_restaurant/640197/充电工作餐 巨无霸鸡翅餐.webp', '巨无霸1个 辣翅1对 中可1杯'),
(705, 640197, '充电工作餐俄式红肠双鸡堡鸡翅餐', 42, './static/szu_restaurant/640197/充电工作餐俄式红肠双鸡堡鸡翅餐.webp', '俄式红肠双鸡堡1个 辣翅1对 中可1杯'),
(706, 640197, '俄式红肠双鸡汉堡', 21, './static/szu_restaurant/640197/俄式红肠双鸡汉堡.webp', '个－俄式红肠双鸡堡1个（主要原料：鸡排，切丝生菜，俄式红肠 ，酱汁）'),
(707, 640197, '俄式红肠双鸡堡双重满足套餐', 33, './static/szu_restaurant/640197/俄式红肠双鸡堡双重满足套餐.webp', '俄式红肠双鸡堡1个 中可乐1杯 中薯条1份'),
(708, 640197, '不素之霸双层牛肉汉堡', 21, './static/szu_restaurant/640197/不素之霸双层牛肉汉堡.webp', '个－不素之霸双层牛肉堡1个（主要原料：主要原料：面包，牛肉，猪肉，风味酱）'),
(709, 640197, '不素之霸双层牛肉堡双重满足套餐', 33, './static/szu_restaurant/640197/不素之霸双层牛肉堡双重满足套餐.webp', '不素之霸双层牛肉堡1个 中可乐1杯 中薯条1份 '),
(710, 640197, '双层阿拉斯加狭鳕鱼汉堡', 21, './static/szu_restaurant/640197/双层阿拉斯加狭鳕鱼汉堡.webp', '个－双层阿拉斯加狭鳕鱼堡1个（主要原料：主要原料：面包，鳕鱼，风味酱）'),
(711, 640197, '双层阿拉斯加狭鳕鱼堡双满足餐', 33, './static/szu_restaurant/640197/双层阿拉斯加狭鳕鱼堡双满足餐.webp', '双层阿拉斯加狭鳕鱼堡1个 中可乐1杯 中薯条1份'),
(712, 640197, '蜜汁鸡腿 满碗饭', 24, './static/szu_restaurant/640197/蜜汁鸡腿 满碗饭.webp', '份－蜜汁鸡腿满碗饭1份（主要原料：主要原料：大米，鸡肉，生菜，油，风味酱）'),
(713, 640197, '蜜汁鸡腿满碗饭中薯套餐', 37, './static/szu_restaurant/640197/蜜汁鸡腿满碗饭中薯套餐.webp', '蜜汁鸡腿满碗饭1份 中柠檬茶1杯  中薯条1份'),
(714, 640197, '小食纷享盒', 30, './static/szu_restaurant/640197/小食纷享盒.webp', '例－大鸡排1份 麦辣鸡翅1对 麦乐鸡4块'),
(715, 640197, '麦趣鸡盒（含那么大鸡排）', 92, './static/szu_restaurant/640197/麦趣鸡盒（含那么大鸡排）.webp', '那么大鸡排1份 香骨鸡腿3个 麦辣鸡翅6块 中可乐2杯'),
(716, 640197, '麦趣鸡盒（含麦乐鸡）', 92, './static/szu_restaurant/640197/麦趣鸡盒（含麦乐鸡）.webp', '麦乐鸡7块 香骨鸡腿3个 麦辣鸡翅6块 中可乐2杯'),
(717, 640197, '5人欢享盛宴餐', 199, './static/szu_restaurant/640197/5人欢享盛宴餐.webp', '麦辣鸡腿堡2个 板烧鸡腿堡2个 巨无霸1个 麦乐鸡20块 麦辣鸡翅9块 那么大鸡排1份 小玉米2份 菠萝派2个 香芋派2个 中可乐3杯 美汁源阳光橙2杯'),
(718, 640197, '3人豪情派对餐', 98, './static/szu_restaurant/640197/3人豪情派对餐.webp', '巨无霸1个 原味板烧鸡腿堡1个 经典麦辣鸡腿汉堡1个 麦乐鸡5块 麦辣鸡翅4块 美汁源阳光橙1杯 中可乐2杯 香芋派1个 小玉米1份 大薯条1份'),
(719, 640197, '蜜桃风味派', 8.5, './static/szu_restaurant/640197/蜜桃风味派.webp', '个－蜜桃风味派1个（主要原料：蜜桃风味派）'),
(720, 640197, '2个蜜桃风味派', 14, './static/szu_restaurant/640197/2个蜜桃风味派.webp', '蜜桃风味派2个（主要原料：蜜桃风味派）'),
(721, 640197, '俄式红肠双鸡堡', 21, './static/szu_restaurant/640197/俄式红肠双鸡堡.webp', '个－俄式红肠双鸡堡1个（主要原料：鸡排，切丝生菜，俄式红肠 ，酱汁）'),
(722, 640197, '不素之霸双层牛肉堡', 21, './static/szu_restaurant/640197/不素之霸双层牛肉堡.webp', '例－不素之霸双层牛肉堡1个（主要原料：主要原料：面包，牛肉，猪肉，风味酱）'),
(723, 640197, '双层阿拉斯加狭鳕鱼堡', 21, './static/szu_restaurant/640197/双层阿拉斯加狭鳕鱼堡.webp', '例－双层阿拉斯加狭鳕鱼堡1个（主要原料：主要原料：面包，鳕鱼，风味酱）'),
(724, 640197, '蜜汁鸡腿满碗饭', 24, './static/szu_restaurant/640197/蜜汁鸡腿满碗饭.webp', '例－蜜汁鸡腿满碗饭1份（主要原料：主要原料：大米，鸡肉，生菜，油，风味酱）'),
(725, 640197, '经典麦辣鸡腿汉堡', 20, './static/szu_restaurant/640197/经典麦辣鸡腿汉堡.webp', '例－主要原料：面包、鸡肉、生菜、风味沙拉酱'),
(726, 640197, '原味板烧鸡腿堡', 20, './static/szu_restaurant/640197/原味板烧鸡腿堡.webp', '例－主要原料：面包、鸡肉、生菜、风味沙拉酱'),
(727, 640197, '麦香鱼', 19, './static/szu_restaurant/640197/麦香鱼.webp', '例－主要原料：面包、鱼、芝士、风味沙拉酱'),
(728, 640197, '巨无霸', 23, './static/szu_restaurant/640197/巨无霸.webp', '例－主要原料：面包、牛肉、生菜、洋葱、腌黄瓜、芝士、风味沙拉酱'),
(729, 640197, '培根蔬萃双层牛堡', 23, './static/szu_restaurant/640197/培根蔬萃双层牛堡.webp', '例－主要原料：面包、牛肉、生菜、番茄、培根、番茄酱、风味沙拉酱'),
(730, 640197, '麦香鸡', 13, './static/szu_restaurant/640197/麦香鸡.webp', '例－主要原料：面包、鸡肉、生菜、风味沙拉酱'),
(731, 640197, '双层吉士汉堡', 19, './static/szu_restaurant/640197/双层吉士汉堡.webp', '例－主要原料：面包、牛肉、洋葱、腌黄瓜、芝士、番茄酱'),
(732, 640197, '吉士汉堡包', 10, './static/szu_restaurant/640197/吉士汉堡包.webp', '例－主要原料：面包、牛肉、洋葱、腌黄瓜、芝士、番茄酱'),
(733, 640197, '汉堡包', 9, './static/szu_restaurant/640197/汉堡包.webp', '例－主要原料：面包、牛肉、洋葱、腌黄瓜、番茄酱'),
(734, 640197, '星厨鲜脆纯牛堡', 28, './static/szu_restaurant/640197/星厨鲜脆纯牛堡.webp', '例－拉蒙鲜脆纯牛堡1个（主要原料：面包，牛肉，玉米片，生菜，番茄，芝士，风味酱）'),
(735, 640197, '星厨酷辣鸡腿堡', 28, './static/szu_restaurant/640197/星厨酷辣鸡腿堡.webp', '例－霆锋酷辣鸡腿堡1个（主要原料：面包，鸡肉，生菜，芝士，风味酱）'),
(736, 640197, '俄式红肠双鸡堡双重满足餐', 33, './static/szu_restaurant/640197/俄式红肠双鸡堡双重满足餐.webp', '俄式红肠双鸡堡1个 中可乐1杯 中薯条1份'),
(737, 640197, '不素之霸双层牛肉堡双重满足餐', 33, './static/szu_restaurant/640197/不素之霸双层牛肉堡双重满足餐.webp', '不素之霸双层牛肉堡1个 中可乐1杯 中薯条1份'),
(738, 640197, '双层阿拉斯加狭鳕鱼堡双重满足餐', 33, './static/szu_restaurant/640197/双层阿拉斯加狭鳕鱼堡双重满足餐.webp', '双层阿拉斯加狭鳕鱼堡1个 中可乐1杯 中薯条1份'),
(739, 640197, '蜜汁鸡腿满碗饭中薯餐', 37, './static/szu_restaurant/640197/蜜汁鸡腿满碗饭中薯餐.webp', '蜜汁鸡腿满碗饭1份 中柠檬茶1杯  中薯条1份'),
(740, 640197, '经典麦辣鸡腿汉堡中薯套餐', 32, './static/szu_restaurant/640197/经典麦辣鸡腿汉堡中薯套餐.webp', '1个经典麦辣鸡腿汉堡 1份薯条(中) 1杯可口可乐(中)'),
(741, 640197, '经典麦辣鸡腿汉堡小玉套餐', 32, './static/szu_restaurant/640197/经典麦辣鸡腿汉堡小玉套餐.webp', '1个经典麦辣鸡腿汉堡 1个玉米杯(小) 1杯可口可乐(中)'),
(742, 640197, '经典麦辣鸡腿汉堡大薯套餐', 36, './static/szu_restaurant/640197/经典麦辣鸡腿汉堡大薯套餐.webp', '1个经典麦辣鸡腿汉堡 1份薯条(大) 1杯可口可乐(大)'),
(743, 640197, '经典麦辣鸡腿汉堡大玉套餐', 36, './static/szu_restaurant/640197/经典麦辣鸡腿汉堡大玉套餐.webp', '1个经典麦辣鸡腿汉堡 1个玉米杯(大) 1杯可口可乐(大)'),
(744, 640197, '原味板烧鸡腿堡中薯套餐', 32, './static/szu_restaurant/640197/原味板烧鸡腿堡中薯套餐.webp', '1个原味板烧鸡腿堡 1份薯条(中) 1杯可口可乐(中)'),
(745, 640197, '原味板烧鸡腿堡小玉套餐', 32, './static/szu_restaurant/640197/原味板烧鸡腿堡小玉套餐.webp', '1个原味板烧鸡腿堡 1个玉米杯(小) 1杯可口可乐(中)'),
(746, 640197, '原味板烧鸡腿堡大薯套餐', 36, './static/szu_restaurant/640197/原味板烧鸡腿堡大薯套餐.webp', '1个原味板烧鸡腿堡 1份薯条(大) 1杯可口可乐(大)'),
(747, 640197, '原味板烧鸡腿堡大玉套餐', 36, './static/szu_restaurant/640197/原味板烧鸡腿堡大玉套餐.webp', '1个原味板烧鸡腿堡 1个玉米杯(大) 1杯可口可乐(大)'),
(748, 640197, '麦香鱼中薯套餐', 31, './static/szu_restaurant/640197/麦香鱼中薯套餐.webp', '1个麦香鱼 1份薯条(中) 1杯可口可乐(中)'),
(749, 640197, '麦香鱼小玉套餐', 31, './static/szu_restaurant/640197/麦香鱼小玉套餐.webp', '1个麦香鱼 1个玉米杯(小) 1杯可口可乐(中)'),
(750, 640197, '麦香鱼大薯套餐', 35, './static/szu_restaurant/640197/麦香鱼大薯套餐.webp', '1个麦香鱼 1份薯条(大) 1杯可口可乐(大)'),
(751, 640197, '麦香鱼大玉套餐', 35, './static/szu_restaurant/640197/麦香鱼大玉套餐.webp', '1个麦香鱼 1个玉米杯(大) 1杯可口可乐(大)'),
(752, 640197, '巨无霸中薯套餐', 35, './static/szu_restaurant/640197/巨无霸中薯套餐.webp', '1个巨无霸 1份薯条(中) 1杯可口可乐(中)'),
(753, 640197, '巨无霸小玉套餐', 35, './static/szu_restaurant/640197/巨无霸小玉套餐.webp', '1个巨无霸 1个玉米杯(小) 1杯可口可乐(中)'),
(754, 640197, '巨无霸大薯套餐', 39, './static/szu_restaurant/640197/巨无霸大薯套餐.webp', '1个巨无霸 1份薯条(大) 1杯可口可乐(大)'),
(755, 640197, '巨无霸大玉套餐', 39, './static/szu_restaurant/640197/巨无霸大玉套餐.webp', '1个巨无霸 1个玉米杯(大) 1杯可口可乐(大)'),
(756, 640197, '培根蔬萃双层牛堡中薯套餐', 35, './static/szu_restaurant/640197/培根蔬萃双层牛堡中薯套餐.webp', '1个培根蔬萃双层牛堡 1份薯条(中) 1杯可口可乐(中)'),
(757, 640197, '培根蔬萃双层牛堡小玉套餐', 35, './static/szu_restaurant/640197/培根蔬萃双层牛堡小玉套餐.webp', '1个培根蔬萃双层牛堡 1个玉米杯(小) 1杯可口可乐(中)'),
(758, 640197, '培根蔬萃双层牛堡大薯套餐', 39, './static/szu_restaurant/640197/培根蔬萃双层牛堡大薯套餐.webp', '1个培根蔬萃双层牛堡 1份薯条(大) 1杯可口可乐(大)'),
(759, 640197, '培根蔬萃双层牛堡大玉套餐', 39, './static/szu_restaurant/640197/培根蔬萃双层牛堡大玉套餐.webp', '1个培根蔬萃双层牛堡 1个玉米杯(大) 1杯可口可乐(大)'),
(760, 640197, '麦香鸡中薯套餐', 27, './static/szu_restaurant/640197/麦香鸡中薯套餐.webp', '1个麦香鸡 1份薯条(中) 1杯可口可乐(中)'),
(761, 640197, '麦香鸡小玉套餐', 27, './static/szu_restaurant/640197/麦香鸡小玉套餐.webp', '1个麦香鸡 1个玉米杯(小) 1杯可口可乐(中)'),
(762, 640197, '麦香鸡大薯套餐', 31, './static/szu_restaurant/640197/麦香鸡大薯套餐.webp', '1个麦香鸡 1份薯条(大) 1杯可口可乐(大)'),
(763, 640197, '麦香鸡大玉套餐', 31, './static/szu_restaurant/640197/麦香鸡大玉套餐.webp', '1个麦香鸡 1个玉米杯(大) 1杯可口可乐(大)'),
(764, 640197, '双层吉士汉堡中薯套餐', 32, './static/szu_restaurant/640197/双层吉士汉堡中薯套餐.webp', '1个双层吉士汉堡 1份薯条(中) 1杯可口可乐(中)'),
(765, 640197, '双层吉士汉堡小玉套餐', 32, './static/szu_restaurant/640197/双层吉士汉堡小玉套餐.webp', '1个双层吉士汉堡 1个玉米杯(小) 1杯可口可乐(中)'),
(766, 640197, '双层吉士汉堡大薯套餐', 36, './static/szu_restaurant/640197/双层吉士汉堡大薯套餐.webp', '1个双层吉士汉堡 1份薯条(大) 1杯可口可乐(大)'),
(767, 640197, '双层吉士汉堡大玉套餐', 36, './static/szu_restaurant/640197/双层吉士汉堡大玉套餐.webp', '1个双层吉士汉堡 1个玉米杯(大) 1杯可口可乐(大)'),
(768, 640197, '吉士汉堡包中薯套餐', 23, './static/szu_restaurant/640197/吉士汉堡包中薯套餐.webp', '1个吉士汉堡包 1份薯条(中) 1杯可口可乐(中)'),
(769, 640197, '吉士汉堡包小玉套餐', 23, './static/szu_restaurant/640197/吉士汉堡包小玉套餐.webp', '1个吉士汉堡包 1个玉米杯(小) 1杯可口可乐(中)'),
(770, 640197, '吉士汉堡包大薯套餐', 27, './static/szu_restaurant/640197/吉士汉堡包大薯套餐.webp', '1个吉士汉堡包 1份薯条(大) 1杯可口可乐(大)'),
(771, 640197, '吉士汉堡包大玉套餐', 27, './static/szu_restaurant/640197/吉士汉堡包大玉套餐.webp', '1个吉士汉堡包 1个玉米杯(大) 1杯可口可乐(大)'),
(772, 640197, '星厨鲜脆纯牛堡配中薯套餐', 40, './static/szu_restaurant/640197/星厨鲜脆纯牛堡配中薯套餐.webp', '星厨鲜脆纯牛堡配中薯套餐－拉蒙鲜脆纯牛堡1个 中可乐1杯 中薯条1份'),
(773, 640197, '星厨鲜脆纯牛堡配小玉套餐', 40, './static/szu_restaurant/640197/星厨鲜脆纯牛堡配小玉套餐.webp', '星厨鲜脆纯牛堡配小玉套餐－拉蒙鲜脆纯牛堡1个 中可乐1杯 小玉米1份'),
(774, 640197, '星厨鲜脆纯牛堡配大薯套餐', 44, './static/szu_restaurant/640197/星厨鲜脆纯牛堡配大薯套餐.webp', '星厨鲜脆纯牛堡配大薯套餐－拉蒙鲜脆纯牛堡1个 大可乐1杯 大薯条1份'),
(775, 640197, '星厨鲜脆纯牛堡配大玉套餐', 44, './static/szu_restaurant/640197/星厨鲜脆纯牛堡配大玉套餐.webp', '星厨鲜脆纯牛堡配大玉套餐－拉蒙鲜脆纯牛堡1个 大可乐1杯 大玉米1份'),
(776, 640197, '星厨酷辣鸡腿堡配中薯套餐', 40, './static/szu_restaurant/640197/星厨酷辣鸡腿堡配中薯套餐.webp', '星厨酷辣鸡腿堡配中薯套餐－霆锋酷辣鸡腿堡1个 中可乐1杯 中薯条1份'),
(777, 640197, '星厨酷辣鸡腿堡配小玉套餐', 40, './static/szu_restaurant/640197/星厨酷辣鸡腿堡配小玉套餐.webp', '星厨酷辣鸡腿堡配小玉套餐－霆锋酷辣鸡腿堡1个 中可乐1杯 小玉米1份'),
(778, 640197, '星厨酷辣鸡腿堡配大薯套餐', 44, './static/szu_restaurant/640197/星厨酷辣鸡腿堡配大薯套餐.webp', '星厨酷辣鸡腿堡配大薯套餐－霆锋酷辣鸡腿堡1个 大可乐1杯 大薯条1份'),
(779, 640197, '星厨酷辣鸡腿堡配大玉套餐', 44, './static/szu_restaurant/640197/星厨酷辣鸡腿堡配大玉套餐.webp', '星厨酷辣鸡腿堡配大玉套餐－霆锋酷辣鸡腿堡1个 大可乐1杯 大玉米1份'),
(780, 640197, '那么大鸡小块 1份', 16, './static/szu_restaurant/640197/那么大鸡小块 1份.webp', '份－1份那么大鸡小块（主要原料：鸡肉，油）'),
(781, 640197, '那么大鸡排', 13, './static/szu_restaurant/640197/那么大鸡排.webp', '例－主要原料：鸡肉，油'),
(782, 640197, '果木烟熏风味那么大鸡翅', 16, './static/szu_restaurant/640197/果木烟熏风味那么大鸡翅.webp', '例－果木烟熏风味那么大鸡翅1个（主要原料：鸡肉，油）'),
(783, 640197, '麦辣鸡翅2块', 11.5, './static/szu_restaurant/640197/麦辣鸡翅2块.webp', '例－麦辣鸡翅2块（主要原料：鸡肉，腌料，裹粉，油）'),
(784, 640197, '麦辣鸡翅4块', 23, './static/szu_restaurant/640197/麦辣鸡翅4块.webp', '例－麦辣鸡翅4块（主要原料：鸡肉，腌料，裹粉，油）'),
(785, 640197, '麦辣鸡翅9块', 46, './static/szu_restaurant/640197/麦辣鸡翅9块.webp', '例－麦辣鸡翅9块（主要原料：鸡肉，腌料，裹粉，油）'),
(786, 640197, '麦辣鸡翅4块中薯套餐', 36, './static/szu_restaurant/640197/麦辣鸡翅4块中薯套餐.webp', '4块麦辣鸡翅 1份薯条(中) 1杯可口可乐(中)'),
(787, 640197, '麦辣鸡翅4块小玉套餐', 36, './static/szu_restaurant/640197/麦辣鸡翅4块小玉套餐.webp', '4块麦辣鸡翅 1个玉米杯(小) 1杯可口可乐(中)'),
(788, 640197, '麦辣鸡翅4块大薯套餐', 40, './static/szu_restaurant/640197/麦辣鸡翅4块大薯套餐.webp', '4块麦辣鸡翅 1份薯条(大) 1杯可口可乐(大)'),
(789, 640197, '麦辣鸡翅4块大玉套餐', 40, './static/szu_restaurant/640197/麦辣鸡翅4块大玉套餐.webp', '4块麦辣鸡翅 1个玉米杯(大) 1杯可口可乐(大)'),
(790, 640197, '香骨鸡腿', 13, './static/szu_restaurant/640197/香骨鸡腿.webp', '例－主要原料：鸡肉，油'),
(791, 640197, '麦乐鸡5块', 11.5, './static/szu_restaurant/640197/麦乐鸡5块.webp', '例－5块麦乐鸡（主要原料：鸡肉，油）'),
(792, 640197, '麦乐鸡10块', 23, './static/szu_restaurant/640197/麦乐鸡10块.webp', '例－10块麦乐鸡（主要原料：鸡肉，油）'),
(793, 640197, '麦乐鸡5块中薯套餐', 26, './static/szu_restaurant/640197/麦乐鸡5块中薯套餐.webp', '5块麦乐鸡 1份薯条(中) 1杯可口可乐(中)'),
(794, 640197, '麦乐鸡5块小玉套餐', 26, './static/szu_restaurant/640197/麦乐鸡5块小玉套餐.webp', '5块麦乐鸡 1个玉米杯(小) 1杯可口可乐(中)'),
(795, 640197, '麦乐鸡5块大薯套餐', 30, './static/szu_restaurant/640197/麦乐鸡5块大薯套餐.webp', '5块麦乐鸡 1份薯条(大) 1杯可口可乐(大)&#10;'),
(796, 640197, '麦乐鸡5块大玉套餐', 30, './static/szu_restaurant/640197/麦乐鸡5块大玉套餐.webp', '5块麦乐鸡 1个玉米杯(大) 1杯可口可乐(大)'),
(797, 640197, '薯条（中）', 11, './static/szu_restaurant/640197/薯条（中）.webp', '例－主要原料：薯条，油，盐'),
(798, 640197, '薯条（大）', 13, './static/szu_restaurant/640197/薯条（大）.webp', '例－主要原料：薯条，油，盐'),
(799, 640197, '玉米杯（小）', 11, './static/szu_restaurant/640197/玉米杯（小）.webp', '例－主要原料：玉米'),
(800, 640197, '玉米杯（大）', 13, './static/szu_restaurant/640197/玉米杯（大）.webp', '例－主要原料：玉米'),
(801, 640197, '小食纷享盒（大鸡排原味）', 30, './static/szu_restaurant/640197/小食纷享盒（大鸡排原味）.webp', '例－大鸡排1份 麦辣鸡翅1对 麦乐鸡4块'),
(802, 640197, '麦趣鸡盒(内含那么大鸡排)', 92, './static/szu_restaurant/640197/麦趣鸡盒(内含那么大鸡排).webp', '那么大鸡排1份 香骨鸡腿3个 麦辣鸡翅6块 中可乐2杯'),
(803, 640197, '麦趣鸡盒(内含麦乐鸡)', 92, './static/szu_restaurant/640197/麦趣鸡盒(内含麦乐鸡).webp', '麦乐鸡7块 香骨鸡腿3个 麦辣鸡翅6块 中可乐2杯'),
(804, 640197, '那么大珍珠奶茶(热)', 18, './static/szu_restaurant/640197/那么大珍珠奶茶(热).webp', '杯－1杯那么大珍珠奶茶（热）（主要原料：茶，焦糖珍珠）'),
(805, 640197, '那么大珍珠奶茶(冷)', 18, './static/szu_restaurant/640197/那么大珍珠奶茶(冷).webp', '杯－1杯那么大珍珠奶茶（冷）（主要原料：茶，焦糖珍珠）'),
(806, 640197, '那么大鲜柠特饮(可乐)', 13.5, './static/szu_restaurant/640197/那么大鲜柠特饮(可乐).webp', '例－那么大鲜柠特饮（可乐）1杯（主要原料：可口可乐，鲜柠檬片）'),
(807, 640197, '那么大鲜柠特饮(雪碧)', 13.5, './static/szu_restaurant/640197/那么大鲜柠特饮(雪碧).webp', '例－那么大鲜柠特饮（雪碧）1杯（主要原料：雪碧，鲜柠檬片）'),
(808, 640197, '那么大鲜柠特饮(柠檬红茶味)', 13.5, './static/szu_restaurant/640197/那么大鲜柠特饮(柠檬红茶味).webp', '例－那么大鲜柠特饮柠檬红茶1杯（主要原料：茶，鲜柠檬片）'),
(809, 640197, '柠檬红茶（小）', 8, './static/szu_restaurant/640197/柠檬红茶（小）.webp', '例－柠檬红茶味饮料（小杯）'),
(810, 640197, '柠檬红茶（中）', 10, './static/szu_restaurant/640197/柠檬红茶（中）.webp', '例－柠檬红茶味饮料（中杯）'),
(811, 640197, '柠檬红茶（大）', 12, './static/szu_restaurant/640197/柠檬红茶（大）.webp', '例－柠檬红茶味饮料（大杯）'),
(812, 640197, '鲜煮咖啡（大杯）', 11, './static/szu_restaurant/640197/鲜煮咖啡（大杯）.webp', '例－咖啡&#10;'),
(813, 640197, '鲜煮咖啡（小杯）', 10, './static/szu_restaurant/640197/鲜煮咖啡（小杯）.webp', '例－咖啡&#10;'),
(814, 640197, '热朱古力', 11.5, './static/szu_restaurant/640197/热朱古力.webp', '例－主要原料：巧克力粉、白砂糖&#10;'),
(815, 640197, '红茶', 11.5, './static/szu_restaurant/640197/红茶.webp', '例－红茶&#10;'),
(816, 640197, '美汁源阳光橙', 11, './static/szu_restaurant/640197/美汁源阳光橙.webp', '例－美汁源阳光橙1杯，包装以实物为准，图片仅供参考 美汁源阳光橙&#10;'),
(817, 640197, '可口可乐（小杯）', 8, './static/szu_restaurant/640197/可口可乐（小杯）.webp', '例－可口可乐&#10;'),
(818, 640197, '可口可乐（中杯）', 9.5, './static/szu_restaurant/640197/可口可乐（中杯）.webp', '例－可口可乐&#10;'),
(819, 640197, '可口可乐（大杯）', 11.5, './static/szu_restaurant/640197/可口可乐（大杯）.webp', '例－可口可乐&#10;'),
(820, 640197, '零度可口可乐（大杯）', 11.5, './static/szu_restaurant/640197/零度可口可乐（大杯）.webp', '例－零度可口 &#10;'),
(821, 640197, '零度可口可乐（中杯）', 9.5, './static/szu_restaurant/640197/零度可口可乐（中杯）.webp', '例－零度可口 &#10;'),
(822, 640197, '零度可口可乐（小杯）', 8, './static/szu_restaurant/640197/零度可口可乐（小杯）.webp', '例－零度可口 &#10;'),
(823, 640197, '雪碧（小杯）', 8, './static/szu_restaurant/640197/雪碧（小杯）.webp', '例－雪碧&#10;'),
(824, 640197, '雪碧（中杯）', 9.5, './static/szu_restaurant/640197/雪碧（中杯）.webp', '例－雪碧&#10;'),
(825, 640197, '雪碧（大杯）', 11.5, './static/szu_restaurant/640197/雪碧（大杯）.webp', '例－雪碧&#10;'),
(826, 640197, '纯牛奶', 9, './static/szu_restaurant/640197/纯牛奶.webp', '例－纯牛奶&#10;'),
(827, 640197, '冰露矿物质水', 7, './static/szu_restaurant/640197/冰露矿物质水.webp', '例－矿物质水&#10;'),
(828, 640197, '那么大鲜柠特饮(海盐柠檬苏打)', 13.5, './static/szu_restaurant/640197/那么大鲜柠特饮(海盐柠檬苏打).webp', '杯－1杯那么大鲜柠特饮（海盐柠檬苏打风味汽水)（主要原料：雪碧，鲜柠檬片，风味糖浆）'),
(829, 640197, '朱古力新地', 9.5, './static/szu_restaurant/640197/朱古力新地.webp', '例－朱古力新地1个（主要原料：香草风味冰淇淋，朱古力酱）'),
(830, 640197, '草莓新地', 9.5, './static/szu_restaurant/640197/草莓新地.webp', '例－草莓新地1个（主要原料：香草风味冰淇淋，草莓酱）&#10;'),
(831, 640197, '奥利奥原味麦旋风', 12.5, './static/szu_restaurant/640197/奥利奥原味麦旋风.webp', '例－奥利奥原味麦旋风1个（主要原料：香草风味冰淇淋，奥利奥饼干碎）'),
(832, 640197, '奥利奥草莓麦旋风', 12.5, './static/szu_restaurant/640197/奥利奥草莓麦旋风.webp', '例－奥利奥草莓麦旋风1个（主要原料：香草风味冰淇淋，草莓酱，奥利奥饼干碎）&#10;'),
(833, 640197, '香芋派', 7.5, './static/szu_restaurant/640197/香芋派.webp', '例－1个香芋派 主要原料：香芋派'),
(834, 640197, '香芋派2个', 12, './static/szu_restaurant/640197/香芋派2个.webp', '2个香芋派'),
(835, 640197, '菠萝派', 7.5, './static/szu_restaurant/640197/菠萝派.webp', '例－1个菠萝派 主要原料：菠萝派'),
(836, 640197, '菠萝派2个', 12, './static/szu_restaurant/640197/菠萝派2个.webp', '2个菠萝派'),
(837, 640197, '蜜桃风味派 新', 8.5, './static/szu_restaurant/640197/蜜桃风味派 新.webp', '个－蜜桃风味派1个（主要原料：蜜桃风味派）'),
(838, 640197, '2个蜜桃风味派 新', 14, './static/szu_restaurant/640197/2个蜜桃风味派 新.webp', '蜜桃风味派2个（主要原料：蜜桃风味派）'),
(839, 640197, '开心乐园餐（汉堡包）配小玉米', 22, './static/szu_restaurant/640197/开心乐园餐（汉堡包）配小玉米.webp', '1个汉堡包 1份玉米杯（小） 1杯牛奶（小） 1个免费玩具'),
(840, 640197, '开心乐园餐（麦乐鸡）配小玉米', 22, './static/szu_restaurant/640197/开心乐园餐（麦乐鸡）配小玉米.webp', '4块麦乐鸡 1份玉米杯（小） 1杯牛奶（小） 1个免费玩具'),
(841, 640197, '开心乐园餐配小薯条', 23, './static/szu_restaurant/640197/开心乐园餐配小薯条.webp', '1个吉士汉堡包 1份薯条（小） 1杯牛奶（小） 1个免费玩具  开心乐园餐（吉士汉堡包）配小薯条'),
(842, 640197, '开心乐园餐（麦乐鸡）配小薯条', 22, './static/szu_restaurant/640197/开心乐园餐（麦乐鸡）配小薯条.webp', '4块麦乐鸡 1份薯条（小） 1杯牛奶（小） 1个免费玩具'),
(843, 640197, '开心乐园餐（汉堡包）配小薯条', 22, './static/szu_restaurant/640197/开心乐园餐（汉堡包）配小薯条.webp', '1个汉堡包 1份薯条（小） 1杯牛奶（小） 1个免费玩具'),
(844, 640197, '开心乐园餐配小玉米', 23, './static/szu_restaurant/640197/开心乐园餐配小玉米.webp', '1个吉士汉堡包 1份玉米杯（小） 1杯牛奶（小） 1个免费玩具  开心乐园餐（吉士汉堡包）配小玉米'),
(845, 317602, '宵夜缤纷桶', 173.5, './static/szu_restaurant/317602/宵夜缤纷桶.webp', '新奥尔良烤鸡腿堡1个+香辣鸡腿堡1个+4块新奥尔良烤翅+6块香辣鸡翅+鸡米花（小）2份+葡式蛋挞2个+1.25L百事可乐(1瓶）+醇热豆浆2杯&#13;&#10;'),
(846, 317602, '狂欢多人优享餐', 112.5, './static/szu_restaurant/317602/狂欢多人优享餐.webp', '新奥尔良烤鸡腿堡1个+香辣鸡腿堡1个+4块新奥尔良烤翅+6块香辣鸡翅+1.25L百事可乐(1瓶）&#13;&#10;'),
(847, 317602, '缤纷三人餐', 104, './static/szu_restaurant/317602/缤纷三人餐.webp', '新奥尔良烤鸡腿堡1个+香辣鸡腿堡2个+二块香辣鸡翅+葡式蛋挞1个+醇热豆浆3杯&#13;&#10;'),
(848, 317602, '宵夜双人餐', 76, './static/szu_restaurant/317602/宵夜双人餐.webp', '二块香辣鸡翅+葡式蛋挞2个+皮蛋瘦肉粥2份+醇热豆浆2杯&#13;&#10;'),
(849, 317602, '夜宵狂欢套餐', 77, './static/szu_restaurant/317602/夜宵狂欢套餐.webp', '1个新奥尔良烤鸡腿堡+1个香辣鸡腿堡+6块香辣鸡翅+1.25L百事可乐'),
(850, 317602, '瘦肉粥辣堡烤翅餐', 38, './static/szu_restaurant/317602/瘦肉粥辣堡烤翅餐.webp', '皮蛋瘦肉粥1份+香辣鸡腿堡1个+新奥尔良烤翅2块'),
(851, 317602, '瘦肉粥辣堡葡挞餐', 33, './static/szu_restaurant/317602/瘦肉粥辣堡葡挞餐.webp', 'DN皮蛋瘦肉粥1份+香辣鸡腿堡1个+葡式蛋挞经典1只装'),
(852, 317602, '奥堡辣翅荟蔬汤餐', 36.5, './static/szu_restaurant/317602/奥堡辣翅荟蔬汤餐.webp', 'DN新奥尔良烤鸡腿堡1个+香辣鸡翅2块+芙蓉荟蔬汤1份'),
(853, 317602, '瘦肉粥辣堡辣翅餐', 37.5, './static/szu_restaurant/317602/瘦肉粥辣堡辣翅餐.webp', 'DN皮蛋瘦肉粥1份+香辣鸡腿堡1个+香辣鸡翅2块'),
(854, 317602, '夜宵香辣鸡腿堡餐', 37, './static/szu_restaurant/317602/夜宵香辣鸡腿堡餐.webp', '香辣鸡腿堡1个+香辣鸡翅2块+醇豆浆甜（热）1杯'),
(855, 317602, '葡式蛋挞经典6只装TN', 39.5, './static/szu_restaurant/317602/葡式蛋挞经典6只装TN.webp', '口感嫩滑，浓郁香甜,主要原料:挞皮，蛋液，淡奶油，牛奶'),
(856, 317602, '皮蛋瘦肉粥TN', 9.5, './static/szu_restaurant/317602/皮蛋瘦肉粥TN.webp', '精选优质大米，配上皮蛋和五香瘦肉丝.,主要原料:大米、酱卤瘦肉丝、皮蛋'),
(857, 317602, '1.25升装百事可乐TN', 14, './static/szu_restaurant/317602/1.25升装百事可乐TN.webp', '1瓶1.25L百事可乐'),
(858, 317602, '香辣鸡腿堡TN', 18, './static/szu_restaurant/317602/香辣鸡腿堡TN.webp', '整块无骨鸡腿肉, 浓郁汉堡酱，香脆鲜辣多汁。,主要原料:鸡腿肉，面包，生菜'),
(859, 317602, '新奥尔良烤鸡腿堡TN', 18.5, './static/szu_restaurant/317602/新奥尔良烤鸡腿堡TN.webp', '选用超大无骨鸡腿肉烤制，鲜嫩多汁，甜中带辣。,主要原料:鸡腿肉，面包，蔬菜（生菜，青椒丝）');

-- --------------------------------------------------------

--
-- 表的结构 `order_form`
--

CREATE TABLE `order_form` (
  `ID` int(11) NOT NULL,
  `USER_ID` int(11) NOT NULL,
  `DISH_ID` int(11) NOT NULL,
  `RESTAURANT_ID` int(11) NOT NULL,
  `COMMENT_ID` int(11) NOT NULL,
  `TIME` timestamp NOT NULL DEFAULT CURRENT_TIMESTAMP
) ENGINE=InnoDB DEFAULT CHARSET=latin1;

--
-- 转存表中的数据 `order_form`
--

INSERT INTO `order_form` (`ID`, `USER_ID`, `DISH_ID`, `RESTAURANT_ID`, `COMMENT_ID`, `TIME`) VALUES
(2, 2, 459, 527625, 1, '2018-03-11 11:17:23'),
(3, 3, 460, 527625, 2, '2018-03-11 11:17:23'),
(4, 4, 461, 527625, 3, '2018-03-11 11:17:23'),
(5, 5, 462, 527625, 4, '2018-03-11 11:17:23'),
(6, 6, 463, 527625, 5, '2018-03-11 11:17:23'),
(7, 7, 464, 527625, 6, '2018-03-11 11:17:23'),
(8, 8, 465, 527625, 7, '2018-03-11 11:17:23'),
(9, 9, 466, 527625, 8, '2018-03-11 11:17:23'),
(10, 10, 467, 527625, 9, '2018-03-11 11:17:23'),
(11, 11, 468, 527625, 10, '2018-03-11 11:17:23'),
(12, 12, 469, 527625, 11, '2018-03-11 11:17:23'),
(13, 13, 470, 527625, 12, '2018-03-11 11:17:23'),
(14, 14, 471, 527625, 13, '2018-03-11 11:17:23'),
(15, 15, 472, 527625, 14, '2018-03-11 11:17:23'),
(16, 16, 473, 527625, 15, '2018-03-11 11:17:23'),
(17, 17, 474, 527625, 16, '2018-03-11 11:17:23'),
(18, 18, 475, 527625, 17, '2018-03-11 11:17:23'),
(19, 19, 476, 527625, 18, '2018-03-11 11:17:23'),
(20, 20, 477, 527625, 19, '2018-03-11 11:17:23'),
(21, 21, 478, 527625, 20, '2018-03-11 11:17:23'),
(22, 22, 479, 527625, 21, '2018-03-11 11:17:23'),
(23, 23, 480, 527625, 22, '2018-03-11 11:17:24'),
(24, 24, 481, 527625, 23, '2018-03-11 11:17:24'),
(25, 25, 482, 527625, 24, '2018-03-11 11:17:24'),
(26, 26, 483, 527625, 25, '2018-03-11 11:17:24'),
(27, 27, 484, 527625, 26, '2018-03-11 11:17:24'),
(28, 28, 485, 527625, 27, '2018-03-11 11:17:24'),
(29, 29, 486, 527625, 28, '2018-03-11 11:17:24'),
(30, 30, 487, 527625, 29, '2018-03-11 11:17:24'),
(31, 31, 488, 527625, 30, '2018-03-11 11:17:24'),
(32, 32, 489, 527625, 31, '2018-03-11 11:17:24'),
(33, 33, 490, 527625, 32, '2018-03-11 11:17:24'),
(34, 34, 491, 527625, 33, '2018-03-11 11:17:24'),
(35, 35, 492, 527625, 34, '2018-03-11 11:17:24'),
(36, 36, 493, 527625, 35, '2018-03-11 11:17:24'),
(37, 37, 494, 527625, 36, '2018-03-11 11:17:24'),
(38, 38, 495, 527625, 37, '2018-03-11 11:17:24'),
(39, 39, 496, 527625, 38, '2018-03-11 11:17:24'),
(40, 40, 497, 527625, 39, '2018-03-11 11:17:24'),
(41, 41, 498, 527625, 40, '2018-03-11 11:17:24'),
(42, 42, 499, 527625, 41, '2018-03-11 11:17:24'),
(43, 43, 500, 527625, 42, '2018-03-11 11:17:24'),
(44, 44, 501, 527625, 43, '2018-03-11 11:17:24'),
(45, 45, 502, 527625, 44, '2018-03-11 11:17:24'),
(46, 46, 503, 527625, 45, '2018-03-11 11:17:24'),
(47, 47, 504, 527625, 46, '2018-03-11 11:17:24'),
(48, 48, 505, 527625, 47, '2018-03-11 11:17:24'),
(49, 49, 506, 527625, 48, '2018-03-11 11:17:24'),
(50, 50, 507, 527625, 49, '2018-03-11 11:17:24'),
(51, 51, 508, 527625, 50, '2018-03-11 11:17:24'),
(52, 52, 509, 527625, 51, '2018-03-11 11:17:24'),
(53, 53, 510, 527625, 52, '2018-03-11 11:17:24'),
(54, 54, 511, 527625, 53, '2018-03-11 11:17:24'),
(55, 55, 512, 527625, 54, '2018-03-11 11:17:25'),
(56, 56, 513, 527625, 55, '2018-03-11 11:17:25'),
(57, 57, 514, 527625, 56, '2018-03-11 11:17:25'),
(58, 58, 515, 527625, 57, '2018-03-11 11:17:25'),
(59, 59, 516, 527625, 58, '2018-03-11 11:17:25'),
(60, 60, 517, 527625, 59, '2018-03-11 11:17:25'),
(61, 61, 518, 527625, 60, '2018-03-11 11:17:25'),
(62, 62, 519, 527625, 61, '2018-03-11 11:17:25'),
(63, 63, 520, 527625, 62, '2018-03-11 11:17:25'),
(64, 64, 521, 527625, 63, '2018-03-11 11:17:25'),
(65, 65, 522, 527625, 64, '2018-03-11 11:17:25'),
(66, 66, 523, 527625, 65, '2018-03-11 11:17:25'),
(67, 67, 524, 527625, 66, '2018-03-11 11:17:25'),
(68, 68, 525, 527625, 67, '2018-03-11 11:17:25'),
(69, 69, 526, 527625, 68, '2018-03-11 11:17:25'),
(70, 70, 527, 527625, 69, '2018-03-11 11:17:25'),
(71, 71, 528, 527625, 70, '2018-03-11 11:17:25'),
(72, 72, 529, 527625, 71, '2018-03-11 11:17:25'),
(73, 73, 530, 527625, 72, '2018-03-11 11:17:25'),
(74, 74, 531, 527625, 73, '2018-03-11 11:17:25'),
(75, 75, 532, 527625, 74, '2018-03-11 11:17:25'),
(76, 76, 533, 527625, 75, '2018-03-11 11:17:25'),
(77, 77, 534, 527625, 76, '2018-03-11 11:17:25'),
(78, 78, 535, 527625, 77, '2018-03-11 11:17:25'),
(79, 79, 536, 527625, 78, '2018-03-11 11:17:25'),
(80, 80, 537, 527625, 79, '2018-03-11 11:17:25'),
(81, 81, 538, 527625, 80, '2018-03-11 11:17:25'),
(82, 82, 539, 527625, 81, '2018-03-11 11:17:25'),
(83, 83, 540, 527625, 82, '2018-03-11 11:17:25'),
(84, 84, 541, 527625, 83, '2018-03-11 11:17:26'),
(85, 85, 542, 527625, 84, '2018-03-11 11:17:26'),
(86, 86, 543, 527625, 85, '2018-03-11 11:17:26'),
(87, 87, 544, 527625, 86, '2018-03-11 11:17:26'),
(88, 88, 545, 527625, 87, '2018-03-11 11:17:26'),
(89, 89, 546, 527625, 88, '2018-03-11 11:17:26'),
(90, 90, 547, 527625, 89, '2018-03-11 11:17:26'),
(91, 91, 548, 527625, 90, '2018-03-11 11:17:26'),
(92, 92, 549, 527625, 91, '2018-03-11 11:17:26'),
(93, 93, 550, 527625, 92, '2018-03-11 11:17:26'),
(94, 94, 551, 527625, 93, '2018-03-11 11:17:26'),
(95, 95, 552, 527625, 94, '2018-03-11 11:17:26'),
(96, 96, 553, 527625, 95, '2018-03-11 11:17:26'),
(97, 97, 554, 527625, 96, '2018-03-11 11:17:26'),
(98, 98, 555, 527625, 97, '2018-03-11 11:17:26'),
(99, 99, 556, 527625, 98, '2018-03-11 11:17:26'),
(100, 100, 557, 527625, 99, '2018-03-11 11:17:26'),
(101, 101, 558, 527625, 100, '2018-03-11 11:17:26'),
(102, 102, 559, 527625, 101, '2018-03-11 11:17:26'),
(103, 103, 560, 527625, 102, '2018-03-11 11:17:26'),
(104, 104, 561, 527625, 103, '2018-03-11 11:17:26'),
(105, 105, 562, 527625, 104, '2018-03-11 11:17:26'),
(106, 106, 563, 527625, 105, '2018-03-11 11:17:26'),
(107, 107, 564, 527625, 106, '2018-03-11 11:17:26'),
(108, 108, 565, 527625, 107, '2018-03-11 11:17:26'),
(109, 109, 566, 527625, 108, '2018-03-11 11:17:26'),
(110, 110, 567, 527625, 109, '2018-03-11 11:17:26'),
(111, 111, 568, 527625, 110, '2018-03-11 11:17:26'),
(112, 112, 569, 527625, 111, '2018-03-11 11:17:26'),
(113, 113, 570, 527625, 112, '2018-03-11 11:17:26'),
(114, 114, 571, 527625, 113, '2018-03-11 11:17:26'),
(115, 115, 572, 527625, 114, '2018-03-11 11:17:26'),
(116, 116, 573, 527625, 115, '2018-03-11 11:17:26'),
(117, 117, 574, 527625, 116, '2018-03-11 11:17:26'),
(118, 118, 575, 527625, 117, '2018-03-11 11:17:27'),
(119, 119, 576, 527625, 118, '2018-03-11 11:17:27'),
(120, 120, 577, 527625, 119, '2018-03-11 11:17:27'),
(121, 121, 578, 527625, 120, '2018-03-11 11:17:27'),
(122, 122, 579, 527625, 121, '2018-03-11 11:17:27'),
(123, 123, 580, 527625, 122, '2018-03-11 11:17:27'),
(124, 124, 581, 527625, 123, '2018-03-11 11:17:27'),
(125, 125, 582, 527625, 124, '2018-03-11 11:17:27'),
(126, 126, 583, 527625, 125, '2018-03-11 11:17:27'),
(127, 127, 584, 527625, 126, '2018-03-11 11:17:27'),
(128, 128, 585, 527625, 127, '2018-03-11 11:17:27'),
(129, 129, 586, 527625, 128, '2018-03-11 11:17:27'),
(130, 130, 587, 527625, 129, '2018-03-11 11:17:27'),
(131, 131, 588, 527625, 130, '2018-03-11 11:17:27'),
(132, 132, 589, 527625, 131, '2018-03-11 11:17:27'),
(133, 133, 590, 527625, 132, '2018-03-11 11:17:27'),
(134, 134, 591, 527625, 133, '2018-03-11 11:17:27'),
(135, 135, 592, 527625, 134, '2018-03-11 11:17:27'),
(136, 136, 593, 527625, 135, '2018-03-11 11:17:27'),
(137, 137, 594, 527625, 136, '2018-03-11 11:17:27'),
(138, 138, 595, 527625, 137, '2018-03-11 11:17:27'),
(139, 139, 596, 527625, 138, '2018-03-11 11:17:27'),
(140, 140, 597, 527625, 139, '2018-03-11 11:17:27'),
(141, 141, 598, 527625, 140, '2018-03-11 11:17:27'),
(142, 142, 599, 527625, 141, '2018-03-11 11:17:27'),
(143, 143, 600, 527625, 142, '2018-03-11 11:17:27'),
(144, 144, 601, 527625, 143, '2018-03-11 11:17:27'),
(145, 145, 602, 527625, 144, '2018-03-11 11:17:27'),
(146, 146, 603, 527625, 145, '2018-03-11 11:17:27'),
(147, 147, 604, 527625, 146, '2018-03-11 11:17:27'),
(148, 148, 605, 527625, 147, '2018-03-11 11:17:27'),
(149, 149, 606, 527625, 148, '2018-03-11 11:17:27'),
(150, 150, 607, 527625, 149, '2018-03-11 11:17:27'),
(151, 151, 608, 527625, 150, '2018-03-11 11:17:27'),
(152, 152, 609, 527625, 151, '2018-03-11 11:17:27'),
(153, 153, 610, 527625, 152, '2018-03-11 11:17:27'),
(154, 154, 611, 527625, 153, '2018-03-11 11:17:28'),
(155, 155, 612, 527625, 154, '2018-03-11 11:17:28'),
(156, 156, 613, 527625, 155, '2018-03-11 11:17:28'),
(157, 157, 614, 527625, 156, '2018-03-11 11:17:28'),
(158, 158, 615, 527625, 157, '2018-03-11 11:17:28'),
(159, 159, 616, 527625, 158, '2018-03-11 11:17:28'),
(160, 160, 617, 527625, 159, '2018-03-11 11:17:28'),
(161, 161, 618, 527625, 160, '2018-03-11 11:17:28'),
(162, 162, 619, 527625, 161, '2018-03-11 11:17:28'),
(163, 163, 620, 527625, 162, '2018-03-11 11:17:28'),
(164, 164, 621, 527625, 163, '2018-03-11 11:17:28'),
(165, 165, 622, 527625, 164, '2018-03-11 11:17:28'),
(166, 166, 623, 527625, 165, '2018-03-11 11:17:28'),
(167, 167, 624, 527625, 166, '2018-03-11 11:17:28'),
(168, 168, 625, 527625, 167, '2018-03-11 11:17:28'),
(169, 169, 626, 527625, 168, '2018-03-11 11:17:28'),
(170, 170, 627, 527625, 169, '2018-03-11 11:17:28'),
(171, 171, 628, 527625, 170, '2018-03-11 11:17:28'),
(172, 172, 629, 527625, 171, '2018-03-11 11:17:28'),
(173, 173, 630, 527625, 172, '2018-03-11 11:17:28'),
(174, 174, 631, 527625, 173, '2018-03-11 11:17:28'),
(175, 175, 632, 527625, 174, '2018-03-11 11:17:28'),
(176, 176, 633, 527625, 175, '2018-03-11 11:17:28'),
(177, 177, 634, 527625, 176, '2018-03-11 11:17:28'),
(178, 178, 635, 527625, 177, '2018-03-11 11:17:28'),
(179, 179, 636, 527625, 178, '2018-03-11 11:17:28'),
(180, 180, 637, 527625, 179, '2018-03-11 11:17:28'),
(181, 181, 638, 527625, 180, '2018-03-11 11:17:28'),
(182, 182, 639, 527625, 181, '2018-03-11 11:17:28'),
(183, 183, 640, 527625, 182, '2018-03-11 11:17:28'),
(184, 184, 641, 527625, 183, '2018-03-11 11:17:28'),
(185, 185, 642, 527625, 184, '2018-03-11 11:17:28'),
(186, 186, 643, 527625, 185, '2018-03-11 11:17:28'),
(187, 187, 644, 527625, 186, '2018-03-11 11:17:28'),
(188, 188, 645, 527625, 187, '2018-03-11 11:17:28'),
(189, 189, 646, 527625, 188, '2018-03-11 11:17:28'),
(190, 190, 647, 527625, 189, '2018-03-11 11:17:29'),
(191, 191, 648, 527625, 190, '2018-03-11 11:17:29'),
(192, 192, 649, 527625, 191, '2018-03-11 11:17:29'),
(193, 193, 650, 527625, 192, '2018-03-11 11:17:29'),
(194, 194, 651, 527625, 193, '2018-03-11 11:17:29'),
(195, 195, 652, 527625, 194, '2018-03-11 11:17:29'),
(196, 196, 653, 527625, 195, '2018-03-11 11:17:29'),
(197, 197, 654, 527625, 196, '2018-03-11 11:17:29'),
(198, 198, 655, 527625, 197, '2018-03-11 11:17:29'),
(199, 199, 656, 527625, 198, '2018-03-11 11:17:29'),
(200, 200, 657, 527625, 199, '2018-03-11 11:17:29'),
(201, 201, 658, 527625, 200, '2018-03-11 11:17:29'),
(202, 202, 659, 527625, 201, '2018-03-11 11:17:29'),
(203, 203, 660, 527625, 202, '2018-03-11 11:17:29'),
(204, 204, 661, 527625, 203, '2018-03-11 11:17:29'),
(205, 205, 662, 527625, 204, '2018-03-11 11:17:29'),
(206, 206, 663, 527625, 205, '2018-03-11 11:17:29'),
(207, 207, 664, 527625, 206, '2018-03-11 11:17:29'),
(208, 208, 665, 527625, 207, '2018-03-11 11:17:29'),
(209, 209, 666, 527625, 208, '2018-03-11 11:17:29'),
(210, 210, 667, 527625, 209, '2018-03-11 11:17:29'),
(211, 211, 668, 527625, 210, '2018-03-11 11:17:29'),
(212, 212, 669, 527625, 211, '2018-03-11 11:17:29'),
(213, 213, 670, 527625, 212, '2018-03-11 11:17:29'),
(214, 214, 671, 527625, 213, '2018-03-11 11:17:29'),
(215, 215, 672, 527625, 214, '2018-03-11 11:17:29'),
(216, 216, 673, 527625, 215, '2018-03-11 11:17:29'),
(217, 217, 674, 527625, 216, '2018-03-11 11:17:29'),
(218, 218, 675, 527625, 217, '2018-03-11 11:17:29'),
(219, 219, 676, 527625, 218, '2018-03-11 11:17:29'),
(220, 220, 677, 527625, 219, '2018-03-11 11:17:29'),
(221, 221, 678, 527625, 220, '2018-03-11 11:17:29'),
(222, 222, 679, 527625, 221, '2018-03-11 11:17:29'),
(223, 223, 680, 527625, 222, '2018-03-11 11:17:29'),
(224, 224, 681, 527625, 223, '2018-03-11 11:17:29'),
(225, 225, 682, 527625, 224, '2018-03-11 11:17:29'),
(226, 226, 683, 527625, 225, '2018-03-11 11:17:29'),
(227, 227, 684, 527625, 226, '2018-03-11 11:17:29'),
(228, 228, 685, 527625, 227, '2018-03-11 11:17:29'),
(229, 229, 686, 527625, 228, '2018-03-11 11:17:30'),
(230, 230, 687, 527625, 229, '2018-03-11 11:17:30'),
(231, 231, 688, 640197, 230, '2018-03-11 11:17:30'),
(232, 232, 689, 640197, 231, '2018-03-11 11:17:30'),
(233, 233, 690, 640197, 232, '2018-03-11 11:17:30'),
(234, 234, 691, 640197, 233, '2018-03-11 11:17:30'),
(235, 235, 692, 640197, 234, '2018-03-11 11:17:30'),
(236, 236, 693, 640197, 235, '2018-03-11 11:17:30'),
(237, 237, 694, 640197, 236, '2018-03-11 11:17:30'),
(238, 238, 695, 640197, 237, '2018-03-11 11:17:30'),
(239, 239, 696, 640197, 238, '2018-03-11 11:17:30'),
(240, 240, 697, 640197, 239, '2018-03-11 11:17:30'),
(241, 241, 698, 640197, 240, '2018-03-11 11:17:30'),
(242, 242, 699, 640197, 241, '2018-03-11 11:17:30'),
(243, 243, 700, 640197, 242, '2018-03-11 11:17:30'),
(244, 244, 701, 640197, 243, '2018-03-11 11:17:30'),
(245, 245, 702, 640197, 244, '2018-03-11 11:17:30'),
(246, 246, 703, 640197, 245, '2018-03-11 11:17:30'),
(247, 247, 704, 640197, 246, '2018-03-11 11:17:30'),
(248, 248, 705, 640197, 247, '2018-03-11 11:17:30'),
(249, 249, 706, 640197, 248, '2018-03-11 11:17:30'),
(250, 250, 707, 640197, 249, '2018-03-11 11:17:30'),
(251, 251, 708, 640197, 250, '2018-03-11 11:17:30'),
(252, 252, 709, 640197, 251, '2018-03-11 11:17:30'),
(253, 253, 710, 640197, 252, '2018-03-11 11:17:30'),
(254, 254, 711, 640197, 253, '2018-03-11 11:17:30'),
(255, 255, 712, 640197, 254, '2018-03-11 11:17:30'),
(256, 256, 713, 640197, 255, '2018-03-11 11:17:30'),
(257, 257, 714, 640197, 256, '2018-03-11 11:17:30'),
(258, 258, 715, 640197, 257, '2018-03-11 11:17:30'),
(259, 259, 716, 640197, 258, '2018-03-11 11:17:30'),
(260, 260, 717, 640197, 259, '2018-03-11 11:17:30'),
(261, 261, 718, 640197, 260, '2018-03-11 11:17:30'),
(262, 262, 719, 640197, 261, '2018-03-11 11:17:30'),
(263, 263, 720, 640197, 262, '2018-03-11 11:17:30'),
(264, 264, 721, 640197, 263, '2018-03-11 11:17:30'),
(265, 265, 722, 640197, 264, '2018-03-11 11:17:31'),
(266, 266, 723, 640197, 265, '2018-03-11 11:17:31'),
(267, 267, 724, 640197, 266, '2018-03-11 11:17:31'),
(268, 268, 725, 640197, 267, '2018-03-11 11:17:31'),
(269, 269, 726, 640197, 268, '2018-03-11 11:17:31'),
(270, 270, 727, 640197, 269, '2018-03-11 11:17:31'),
(271, 271, 728, 640197, 270, '2018-03-11 11:17:31'),
(272, 272, 729, 640197, 271, '2018-03-11 11:17:31'),
(273, 273, 730, 640197, 272, '2018-03-11 11:17:31'),
(274, 274, 731, 640197, 273, '2018-03-11 11:17:31'),
(275, 275, 732, 640197, 274, '2018-03-11 11:17:31'),
(276, 276, 733, 640197, 275, '2018-03-11 11:17:31'),
(277, 277, 734, 640197, 276, '2018-03-11 11:17:31'),
(278, 278, 735, 640197, 277, '2018-03-11 11:17:31'),
(279, 279, 736, 640197, 278, '2018-03-11 11:17:31'),
(280, 280, 737, 640197, 279, '2018-03-11 11:17:31'),
(281, 281, 738, 640197, 280, '2018-03-11 11:17:31'),
(282, 282, 739, 640197, 281, '2018-03-11 11:17:31'),
(283, 283, 740, 640197, 282, '2018-03-11 11:17:31'),
(284, 284, 741, 640197, 283, '2018-03-11 11:17:31'),
(285, 285, 742, 640197, 284, '2018-03-11 11:17:31'),
(286, 286, 743, 640197, 285, '2018-03-11 11:17:31'),
(287, 287, 744, 640197, 286, '2018-03-11 11:17:31'),
(288, 288, 745, 640197, 287, '2018-03-11 11:17:31'),
(289, 289, 746, 640197, 288, '2018-03-11 11:17:31'),
(290, 290, 747, 640197, 289, '2018-03-11 11:17:31'),
(291, 291, 748, 640197, 290, '2018-03-11 11:17:31'),
(292, 292, 749, 640197, 291, '2018-03-11 11:17:31'),
(293, 293, 750, 640197, 292, '2018-03-11 11:17:31'),
(294, 294, 751, 640197, 293, '2018-03-11 11:17:31'),
(295, 295, 752, 640197, 294, '2018-03-11 11:17:31'),
(296, 296, 753, 640197, 295, '2018-03-11 11:17:31'),
(297, 297, 754, 640197, 296, '2018-03-11 11:17:31'),
(298, 298, 755, 640197, 297, '2018-03-11 11:17:31'),
(299, 299, 756, 640197, 298, '2018-03-11 11:17:31'),
(300, 300, 757, 640197, 299, '2018-03-11 11:17:31'),
(301, 301, 758, 640197, 300, '2018-03-11 11:17:31'),
(302, 302, 759, 640197, 301, '2018-03-11 11:17:32'),
(303, 303, 760, 640197, 302, '2018-03-11 11:17:32'),
(304, 304, 761, 640197, 303, '2018-03-11 11:17:32'),
(305, 305, 762, 640197, 304, '2018-03-11 11:17:32'),
(306, 306, 763, 640197, 305, '2018-03-11 11:17:32'),
(307, 307, 764, 640197, 306, '2018-03-11 11:17:32'),
(308, 308, 765, 640197, 307, '2018-03-11 11:17:32'),
(309, 309, 766, 640197, 308, '2018-03-11 11:17:32'),
(310, 310, 767, 640197, 309, '2018-03-11 11:17:32'),
(311, 311, 768, 640197, 310, '2018-03-11 11:17:32'),
(312, 312, 769, 640197, 311, '2018-03-11 11:17:32'),
(313, 313, 770, 640197, 312, '2018-03-11 11:17:32'),
(314, 314, 771, 640197, 313, '2018-03-11 11:17:32'),
(315, 315, 772, 640197, 314, '2018-03-11 11:17:32'),
(316, 316, 773, 640197, 315, '2018-03-11 11:17:32'),
(317, 317, 774, 640197, 316, '2018-03-11 11:17:32'),
(318, 318, 775, 640197, 317, '2018-03-11 11:17:32'),
(319, 319, 776, 640197, 318, '2018-03-11 11:17:32'),
(320, 320, 777, 640197, 319, '2018-03-11 11:17:32'),
(321, 321, 778, 640197, 320, '2018-03-11 11:17:32'),
(322, 322, 779, 640197, 321, '2018-03-11 11:17:32'),
(323, 323, 780, 640197, 322, '2018-03-11 11:17:32'),
(324, 324, 781, 640197, 323, '2018-03-11 11:17:32'),
(325, 325, 782, 640197, 324, '2018-03-11 11:17:32'),
(326, 326, 783, 640197, 325, '2018-03-11 11:17:32'),
(327, 327, 784, 640197, 326, '2018-03-11 11:17:32'),
(328, 328, 785, 640197, 327, '2018-03-11 11:17:32'),
(329, 329, 786, 640197, 328, '2018-03-11 11:17:32'),
(330, 330, 787, 640197, 329, '2018-03-11 11:17:32'),
(331, 331, 788, 640197, 330, '2018-03-11 11:17:32'),
(332, 332, 789, 640197, 331, '2018-03-11 11:17:32'),
(333, 333, 790, 640197, 332, '2018-03-11 11:17:32'),
(334, 334, 791, 640197, 333, '2018-03-11 11:17:32'),
(335, 335, 792, 640197, 334, '2018-03-11 11:17:32'),
(336, 336, 793, 640197, 335, '2018-03-11 11:17:32'),
(337, 337, 794, 640197, 336, '2018-03-11 11:17:32'),
(338, 338, 795, 640197, 337, '2018-03-11 11:17:32'),
(339, 339, 796, 640197, 338, '2018-03-11 11:17:32'),
(340, 340, 797, 640197, 339, '2018-03-11 11:17:33'),
(341, 341, 798, 640197, 340, '2018-03-11 11:17:33'),
(342, 342, 799, 640197, 341, '2018-03-11 11:17:33'),
(343, 343, 800, 640197, 342, '2018-03-11 11:17:33'),
(344, 344, 801, 640197, 343, '2018-03-11 11:17:33'),
(345, 345, 802, 640197, 344, '2018-03-11 11:17:33'),
(346, 346, 803, 640197, 345, '2018-03-11 11:17:33'),
(347, 347, 804, 640197, 346, '2018-03-11 11:17:33'),
(348, 348, 805, 640197, 347, '2018-03-11 11:17:33'),
(349, 349, 806, 640197, 348, '2018-03-11 11:17:33'),
(350, 350, 807, 640197, 349, '2018-03-11 11:17:33'),
(351, 351, 808, 640197, 350, '2018-03-11 11:17:33'),
(352, 352, 809, 640197, 351, '2018-03-11 11:17:33'),
(353, 353, 810, 640197, 352, '2018-03-11 11:17:33'),
(354, 354, 811, 640197, 353, '2018-03-11 11:17:33'),
(355, 355, 812, 640197, 354, '2018-03-11 11:17:33'),
(356, 356, 813, 640197, 355, '2018-03-11 11:17:33'),
(357, 357, 814, 640197, 356, '2018-03-11 11:17:33'),
(358, 358, 815, 640197, 357, '2018-03-11 11:17:33'),
(359, 359, 816, 640197, 358, '2018-03-11 11:17:33'),
(360, 360, 817, 640197, 359, '2018-03-11 11:17:33'),
(361, 361, 818, 640197, 360, '2018-03-11 11:17:33'),
(362, 362, 819, 640197, 361, '2018-03-11 11:17:33'),
(363, 363, 820, 640197, 362, '2018-03-11 11:17:33'),
(364, 364, 821, 640197, 363, '2018-03-11 11:17:33'),
(365, 365, 822, 640197, 364, '2018-03-11 11:17:33'),
(366, 366, 823, 640197, 365, '2018-03-11 11:17:33'),
(367, 367, 824, 640197, 366, '2018-03-11 11:17:33'),
(368, 368, 825, 640197, 367, '2018-03-11 11:17:33'),
(369, 369, 826, 640197, 368, '2018-03-11 11:17:33'),
(370, 370, 827, 640197, 369, '2018-03-11 11:17:33'),
(371, 371, 828, 640197, 370, '2018-03-11 11:17:33'),
(372, 372, 829, 640197, 371, '2018-03-11 11:17:34'),
(373, 373, 830, 640197, 372, '2018-03-11 11:17:34'),
(374, 374, 831, 640197, 373, '2018-03-11 11:17:34'),
(375, 375, 832, 640197, 374, '2018-03-11 11:17:34'),
(376, 376, 833, 640197, 375, '2018-03-11 11:17:34'),
(377, 377, 834, 640197, 376, '2018-03-11 11:17:34'),
(378, 378, 835, 640197, 377, '2018-03-11 11:17:34'),
(379, 379, 836, 640197, 378, '2018-03-11 11:17:34'),
(380, 380, 837, 640197, 379, '2018-03-11 11:17:34'),
(381, 381, 838, 640197, 380, '2018-03-11 11:17:34'),
(382, 382, 839, 640197, 381, '2018-03-11 11:17:34'),
(383, 383, 840, 640197, 382, '2018-03-11 11:17:34'),
(384, 384, 841, 640197, 383, '2018-03-11 11:17:34'),
(385, 385, 842, 640197, 384, '2018-03-11 11:17:34'),
(386, 386, 843, 640197, 385, '2018-03-11 11:17:34'),
(387, 387, 844, 640197, 386, '2018-03-11 11:17:34'),
(388, 388, 845, 317602, 387, '2018-03-11 11:17:34'),
(389, 389, 846, 317602, 388, '2018-03-11 11:17:34'),
(390, 390, 847, 317602, 389, '2018-03-11 11:17:34'),
(391, 391, 848, 317602, 390, '2018-03-11 11:17:34'),
(392, 392, 849, 317602, 391, '2018-03-11 11:17:34'),
(393, 393, 850, 317602, 392, '2018-03-11 11:17:34'),
(394, 394, 851, 317602, 393, '2018-03-11 11:17:34'),
(395, 395, 852, 317602, 394, '2018-03-11 11:17:34'),
(396, 396, 853, 317602, 395, '2018-03-11 11:17:34'),
(397, 397, 854, 317602, 396, '2018-03-11 11:17:34'),
(398, 398, 855, 317602, 397, '2018-03-11 11:17:34'),
(399, 399, 856, 317602, 398, '2018-03-11 11:17:34'),
(400, 400, 857, 317602, 399, '2018-03-11 11:17:34'),
(401, 401, 858, 317602, 400, '2018-03-11 11:17:34'),
(402, 402, 859, 317602, 401, '2018-03-11 11:17:34');

-- --------------------------------------------------------

--
-- 表的结构 `restaurant`
--

CREATE TABLE `restaurant` (
  `ID` int(11) NOT NULL,
  `NAME` varchar(20) CHARACTER SET utf8 NOT NULL,
  `PHOTO_PATH` varchar(100) CHARACTER SET utf8 NOT NULL,
  `DESCRIPTION` text CHARACTER SET utf8 NOT NULL
) ENGINE=InnoDB DEFAULT CHARSET=utf8 COLLATE=utf8_unicode_ci;

--
-- 转存表中的数据 `restaurant`
--

INSERT INTO `restaurant` (`ID`, `NAME`, `PHOTO_PATH`, `DESCRIPTION`) VALUES
(317602, '麦当劳', 'D:/YNCC/Img/DishImg/317602/Restaurant_Img.webp', ''),
(527625, 'Foodless', 'D:/YNCC/Img/DishImg/527625/Restaurant_Img.webp', ''),
(640197, '肯德基', 'D:/YNCC/Img/DishImg/640197/Restaurant_Img.webp', '');

-- --------------------------------------------------------

--
-- 表的结构 `user`
--

CREATE TABLE `user` (
  `ID` int(11) NOT NULL,
  `NAME` text NOT NULL,
  `SEX` tinyint(1) NOT NULL,
  `PHOTO` varchar(65500) CHARACTER SET latin1 NOT NULL
) ENGINE=InnoDB DEFAULT CHARSET=utf8;

--
-- 转存表中的数据 `user`
--

INSERT INTO `user` (`ID`, `NAME`, `SEX`, `PHOTO`) VALUES
(2, '2', 1, 'Photo of user_1'),
(3, '3', 0, 'Photo of user_2'),
(4, '4', 1, 'Photo of user_3'),
(5, '5', 0, 'Photo of user_4'),
(6, '6', 1, 'Photo of user_5'),
(7, '7', 0, 'Photo of user_6'),
(8, '8', 1, 'Photo of user_7'),
(9, '9', 0, 'Photo of user_8'),
(10, '10', 1, 'Photo of user_9'),
(11, '11', 0, 'Photo of user_10'),
(12, '12', 1, 'Photo of user_11'),
(13, '13', 0, 'Photo of user_12'),
(14, '14', 1, 'Photo of user_13'),
(15, '15', 0, 'Photo of user_14'),
(16, '16', 1, 'Photo of user_15'),
(17, '17', 0, 'Photo of user_16'),
(18, '18', 1, 'Photo of user_17'),
(19, '19', 0, 'Photo of user_18'),
(20, '20', 1, 'Photo of user_19'),
(21, '21', 0, 'Photo of user_20'),
(22, '22', 1, 'Photo of user_21'),
(23, '23', 0, 'Photo of user_22'),
(24, '24', 1, 'Photo of user_23'),
(25, '25', 0, 'Photo of user_24'),
(26, '26', 1, 'Photo of user_25'),
(27, '27', 0, 'Photo of user_26'),
(28, '28', 1, 'Photo of user_27'),
(29, '29', 0, 'Photo of user_28'),
(30, '30', 1, 'Photo of user_29'),
(31, '31', 0, 'Photo of user_30'),
(32, '32', 1, 'Photo of user_31'),
(33, '33', 0, 'Photo of user_32'),
(34, '34', 1, 'Photo of user_33'),
(35, '35', 0, 'Photo of user_34'),
(36, '36', 1, 'Photo of user_35'),
(37, '37', 0, 'Photo of user_36'),
(38, '38', 1, 'Photo of user_37'),
(39, '39', 0, 'Photo of user_38'),
(40, '40', 1, 'Photo of user_39'),
(41, '41', 0, 'Photo of user_40'),
(42, '42', 1, 'Photo of user_41'),
(43, '43', 0, 'Photo of user_42'),
(44, '44', 1, 'Photo of user_43'),
(45, '45', 0, 'Photo of user_44'),
(46, '46', 1, 'Photo of user_45'),
(47, '47', 0, 'Photo of user_46'),
(48, '48', 1, 'Photo of user_47'),
(49, '49', 0, 'Photo of user_48'),
(50, '50', 1, 'Photo of user_49'),
(51, '51', 0, 'Photo of user_50'),
(52, '52', 1, 'Photo of user_51'),
(53, '53', 0, 'Photo of user_52'),
(54, '54', 1, 'Photo of user_53'),
(55, '55', 0, 'Photo of user_54'),
(56, '56', 1, 'Photo of user_55'),
(57, '57', 0, 'Photo of user_56'),
(58, '58', 1, 'Photo of user_57'),
(59, '59', 0, 'Photo of user_58'),
(60, '60', 1, 'Photo of user_59'),
(61, '61', 0, 'Photo of user_60'),
(62, '62', 1, 'Photo of user_61'),
(63, '63', 0, 'Photo of user_62'),
(64, '64', 1, 'Photo of user_63'),
(65, '65', 0, 'Photo of user_64'),
(66, '66', 1, 'Photo of user_65'),
(67, '67', 0, 'Photo of user_66'),
(68, '68', 1, 'Photo of user_67'),
(69, '69', 0, 'Photo of user_68'),
(70, '70', 1, 'Photo of user_69'),
(71, '71', 0, 'Photo of user_70'),
(72, '72', 1, 'Photo of user_71'),
(73, '73', 0, 'Photo of user_72'),
(74, '74', 1, 'Photo of user_73'),
(75, '75', 0, 'Photo of user_74'),
(76, '76', 1, 'Photo of user_75'),
(77, '77', 0, 'Photo of user_76'),
(78, '78', 1, 'Photo of user_77'),
(79, '79', 0, 'Photo of user_78'),
(80, '80', 1, 'Photo of user_79'),
(81, '81', 0, 'Photo of user_80'),
(82, '82', 1, 'Photo of user_81'),
(83, '83', 0, 'Photo of user_82'),
(84, '84', 1, 'Photo of user_83'),
(85, '85', 0, 'Photo of user_84'),
(86, '86', 1, 'Photo of user_85'),
(87, '87', 0, 'Photo of user_86'),
(88, '88', 1, 'Photo of user_87'),
(89, '89', 0, 'Photo of user_88'),
(90, '90', 1, 'Photo of user_89'),
(91, '91', 0, 'Photo of user_90'),
(92, '92', 1, 'Photo of user_91'),
(93, '93', 0, 'Photo of user_92'),
(94, '94', 1, 'Photo of user_93'),
(95, '95', 0, 'Photo of user_94'),
(96, '96', 1, 'Photo of user_95'),
(97, '97', 0, 'Photo of user_96'),
(98, '98', 1, 'Photo of user_97'),
(99, '99', 0, 'Photo of user_98'),
(100, '100', 1, 'Photo of user_99'),
(101, '101', 0, 'Photo of user_100'),
(102, '102', 1, 'Photo of user_101'),
(103, '103', 0, 'Photo of user_102'),
(104, '104', 1, 'Photo of user_103'),
(105, '105', 0, 'Photo of user_104'),
(106, '106', 1, 'Photo of user_105'),
(107, '107', 0, 'Photo of user_106'),
(108, '108', 1, 'Photo of user_107'),
(109, '109', 0, 'Photo of user_108'),
(110, '110', 1, 'Photo of user_109'),
(111, '111', 0, 'Photo of user_110'),
(112, '112', 1, 'Photo of user_111'),
(113, '113', 0, 'Photo of user_112'),
(114, '114', 1, 'Photo of user_113'),
(115, '115', 0, 'Photo of user_114'),
(116, '116', 1, 'Photo of user_115'),
(117, '117', 0, 'Photo of user_116'),
(118, '118', 1, 'Photo of user_117'),
(119, '119', 0, 'Photo of user_118'),
(120, '120', 1, 'Photo of user_119'),
(121, '121', 0, 'Photo of user_120'),
(122, '122', 1, 'Photo of user_121'),
(123, '123', 0, 'Photo of user_122'),
(124, '124', 1, 'Photo of user_123'),
(125, '125', 0, 'Photo of user_124'),
(126, '126', 1, 'Photo of user_125'),
(127, '127', 0, 'Photo of user_126'),
(128, '128', 1, 'Photo of user_127'),
(129, '129', 0, 'Photo of user_128'),
(130, '130', 1, 'Photo of user_129'),
(131, '131', 0, 'Photo of user_130'),
(132, '132', 1, 'Photo of user_131'),
(133, '133', 0, 'Photo of user_132'),
(134, '134', 1, 'Photo of user_133'),
(135, '135', 0, 'Photo of user_134'),
(136, '136', 1, 'Photo of user_135'),
(137, '137', 0, 'Photo of user_136'),
(138, '138', 1, 'Photo of user_137'),
(139, '139', 0, 'Photo of user_138'),
(140, '140', 1, 'Photo of user_139'),
(141, '141', 0, 'Photo of user_140'),
(142, '142', 1, 'Photo of user_141'),
(143, '143', 0, 'Photo of user_142'),
(144, '144', 1, 'Photo of user_143'),
(145, '145', 0, 'Photo of user_144'),
(146, '146', 1, 'Photo of user_145'),
(147, '147', 0, 'Photo of user_146'),
(148, '148', 1, 'Photo of user_147'),
(149, '149', 0, 'Photo of user_148'),
(150, '150', 1, 'Photo of user_149'),
(151, '151', 0, 'Photo of user_150'),
(152, '152', 1, 'Photo of user_151'),
(153, '153', 0, 'Photo of user_152'),
(154, '154', 1, 'Photo of user_153'),
(155, '155', 0, 'Photo of user_154'),
(156, '156', 1, 'Photo of user_155'),
(157, '157', 0, 'Photo of user_156'),
(158, '158', 1, 'Photo of user_157'),
(159, '159', 0, 'Photo of user_158'),
(160, '160', 1, 'Photo of user_159'),
(161, '161', 0, 'Photo of user_160'),
(162, '162', 1, 'Photo of user_161'),
(163, '163', 0, 'Photo of user_162'),
(164, '164', 1, 'Photo of user_163'),
(165, '165', 0, 'Photo of user_164'),
(166, '166', 1, 'Photo of user_165'),
(167, '167', 0, 'Photo of user_166'),
(168, '168', 1, 'Photo of user_167'),
(169, '169', 0, 'Photo of user_168'),
(170, '170', 1, 'Photo of user_169'),
(171, '171', 0, 'Photo of user_170'),
(172, '172', 1, 'Photo of user_171'),
(173, '173', 0, 'Photo of user_172'),
(174, '174', 1, 'Photo of user_173'),
(175, '175', 0, 'Photo of user_174'),
(176, '176', 1, 'Photo of user_175'),
(177, '177', 0, 'Photo of user_176'),
(178, '178', 1, 'Photo of user_177'),
(179, '179', 0, 'Photo of user_178'),
(180, '180', 1, 'Photo of user_179'),
(181, '181', 0, 'Photo of user_180'),
(182, '182', 1, 'Photo of user_181'),
(183, '183', 0, 'Photo of user_182'),
(184, '184', 1, 'Photo of user_183'),
(185, '185', 0, 'Photo of user_184'),
(186, '186', 1, 'Photo of user_185'),
(187, '187', 0, 'Photo of user_186'),
(188, '188', 1, 'Photo of user_187'),
(189, '189', 0, 'Photo of user_188'),
(190, '190', 1, 'Photo of user_189'),
(191, '191', 0, 'Photo of user_190'),
(192, '192', 1, 'Photo of user_191'),
(193, '193', 0, 'Photo of user_192'),
(194, '194', 1, 'Photo of user_193'),
(195, '195', 0, 'Photo of user_194'),
(196, '196', 1, 'Photo of user_195'),
(197, '197', 0, 'Photo of user_196'),
(198, '198', 1, 'Photo of user_197'),
(199, '199', 0, 'Photo of user_198'),
(200, '200', 1, 'Photo of user_199'),
(201, '201', 0, 'Photo of user_200'),
(202, '202', 1, 'Photo of user_201'),
(203, '203', 0, 'Photo of user_202'),
(204, '204', 1, 'Photo of user_203'),
(205, '205', 0, 'Photo of user_204'),
(206, '206', 1, 'Photo of user_205'),
(207, '207', 0, 'Photo of user_206'),
(208, '208', 1, 'Photo of user_207'),
(209, '209', 0, 'Photo of user_208'),
(210, '210', 1, 'Photo of user_209'),
(211, '211', 0, 'Photo of user_210'),
(212, '212', 1, 'Photo of user_211'),
(213, '213', 0, 'Photo of user_212'),
(214, '214', 1, 'Photo of user_213'),
(215, '215', 0, 'Photo of user_214'),
(216, '216', 1, 'Photo of user_215'),
(217, '217', 0, 'Photo of user_216'),
(218, '218', 1, 'Photo of user_217'),
(219, '219', 0, 'Photo of user_218'),
(220, '220', 1, 'Photo of user_219'),
(221, '221', 0, 'Photo of user_220'),
(222, '222', 1, 'Photo of user_221'),
(223, '223', 0, 'Photo of user_222'),
(224, '224', 1, 'Photo of user_223'),
(225, '225', 0, 'Photo of user_224'),
(226, '226', 1, 'Photo of user_225'),
(227, '227', 0, 'Photo of user_226'),
(228, '228', 1, 'Photo of user_227'),
(229, '229', 0, 'Photo of user_228'),
(230, '230', 1, 'Photo of user_229'),
(231, '231', 0, 'Photo of user_230'),
(232, '232', 1, 'Photo of user_231'),
(233, '233', 0, 'Photo of user_232'),
(234, '234', 1, 'Photo of user_233'),
(235, '235', 0, 'Photo of user_234'),
(236, '236', 1, 'Photo of user_235'),
(237, '237', 0, 'Photo of user_236'),
(238, '238', 1, 'Photo of user_237'),
(239, '239', 0, 'Photo of user_238'),
(240, '240', 1, 'Photo of user_239'),
(241, '241', 0, 'Photo of user_240'),
(242, '242', 1, 'Photo of user_241'),
(243, '243', 0, 'Photo of user_242'),
(244, '244', 1, 'Photo of user_243'),
(245, '245', 0, 'Photo of user_244'),
(246, '246', 1, 'Photo of user_245'),
(247, '247', 0, 'Photo of user_246'),
(248, '248', 1, 'Photo of user_247'),
(249, '249', 0, 'Photo of user_248'),
(250, '250', 1, 'Photo of user_249'),
(251, '251', 0, 'Photo of user_250'),
(252, '252', 1, 'Photo of user_251'),
(253, '253', 0, 'Photo of user_252'),
(254, '254', 1, 'Photo of user_253'),
(255, '255', 0, 'Photo of user_254'),
(256, '256', 1, 'Photo of user_255'),
(257, '257', 0, 'Photo of user_256'),
(258, '258', 1, 'Photo of user_257'),
(259, '259', 0, 'Photo of user_258'),
(260, '260', 1, 'Photo of user_259'),
(261, '261', 0, 'Photo of user_260'),
(262, '262', 1, 'Photo of user_261'),
(263, '263', 0, 'Photo of user_262'),
(264, '264', 1, 'Photo of user_263'),
(265, '265', 0, 'Photo of user_264'),
(266, '266', 1, 'Photo of user_265'),
(267, '267', 0, 'Photo of user_266'),
(268, '268', 1, 'Photo of user_267'),
(269, '269', 0, 'Photo of user_268'),
(270, '270', 1, 'Photo of user_269'),
(271, '271', 0, 'Photo of user_270'),
(272, '272', 1, 'Photo of user_271'),
(273, '273', 0, 'Photo of user_272'),
(274, '274', 1, 'Photo of user_273'),
(275, '275', 0, 'Photo of user_274'),
(276, '276', 1, 'Photo of user_275'),
(277, '277', 0, 'Photo of user_276'),
(278, '278', 1, 'Photo of user_277'),
(279, '279', 0, 'Photo of user_278'),
(280, '280', 1, 'Photo of user_279'),
(281, '281', 0, 'Photo of user_280'),
(282, '282', 1, 'Photo of user_281'),
(283, '283', 0, 'Photo of user_282'),
(284, '284', 1, 'Photo of user_283'),
(285, '285', 0, 'Photo of user_284'),
(286, '286', 1, 'Photo of user_285'),
(287, '287', 0, 'Photo of user_286'),
(288, '288', 1, 'Photo of user_287'),
(289, '289', 0, 'Photo of user_288'),
(290, '290', 1, 'Photo of user_289'),
(291, '291', 0, 'Photo of user_290'),
(292, '292', 1, 'Photo of user_291'),
(293, '293', 0, 'Photo of user_292'),
(294, '294', 1, 'Photo of user_293'),
(295, '295', 0, 'Photo of user_294'),
(296, '296', 1, 'Photo of user_295'),
(297, '297', 0, 'Photo of user_296'),
(298, '298', 1, 'Photo of user_297'),
(299, '299', 0, 'Photo of user_298'),
(300, '300', 1, 'Photo of user_299'),
(301, '301', 0, 'Photo of user_300'),
(302, '302', 1, 'Photo of user_301'),
(303, '303', 0, 'Photo of user_302'),
(304, '304', 1, 'Photo of user_303'),
(305, '305', 0, 'Photo of user_304'),
(306, '306', 1, 'Photo of user_305'),
(307, '307', 0, 'Photo of user_306'),
(308, '308', 1, 'Photo of user_307'),
(309, '309', 0, 'Photo of user_308'),
(310, '310', 1, 'Photo of user_309'),
(311, '311', 0, 'Photo of user_310'),
(312, '312', 1, 'Photo of user_311'),
(313, '313', 0, 'Photo of user_312'),
(314, '314', 1, 'Photo of user_313'),
(315, '315', 0, 'Photo of user_314'),
(316, '316', 1, 'Photo of user_315'),
(317, '317', 0, 'Photo of user_316'),
(318, '318', 1, 'Photo of user_317'),
(319, '319', 0, 'Photo of user_318'),
(320, '320', 1, 'Photo of user_319'),
(321, '321', 0, 'Photo of user_320'),
(322, '322', 1, 'Photo of user_321'),
(323, '323', 0, 'Photo of user_322'),
(324, '324', 1, 'Photo of user_323'),
(325, '325', 0, 'Photo of user_324'),
(326, '326', 1, 'Photo of user_325'),
(327, '327', 0, 'Photo of user_326'),
(328, '328', 1, 'Photo of user_327'),
(329, '329', 0, 'Photo of user_328'),
(330, '330', 1, 'Photo of user_329'),
(331, '331', 0, 'Photo of user_330'),
(332, '332', 1, 'Photo of user_331'),
(333, '333', 0, 'Photo of user_332'),
(334, '334', 1, 'Photo of user_333'),
(335, '335', 0, 'Photo of user_334'),
(336, '336', 1, 'Photo of user_335'),
(337, '337', 0, 'Photo of user_336'),
(338, '338', 1, 'Photo of user_337'),
(339, '339', 0, 'Photo of user_338'),
(340, '340', 1, 'Photo of user_339'),
(341, '341', 0, 'Photo of user_340'),
(342, '342', 1, 'Photo of user_341'),
(343, '343', 0, 'Photo of user_342'),
(344, '344', 1, 'Photo of user_343'),
(345, '345', 0, 'Photo of user_344'),
(346, '346', 1, 'Photo of user_345'),
(347, '347', 0, 'Photo of user_346'),
(348, '348', 1, 'Photo of user_347'),
(349, '349', 0, 'Photo of user_348'),
(350, '350', 1, 'Photo of user_349'),
(351, '351', 0, 'Photo of user_350'),
(352, '352', 1, 'Photo of user_351'),
(353, '353', 0, 'Photo of user_352'),
(354, '354', 1, 'Photo of user_353'),
(355, '355', 0, 'Photo of user_354'),
(356, '356', 1, 'Photo of user_355'),
(357, '357', 0, 'Photo of user_356'),
(358, '358', 1, 'Photo of user_357'),
(359, '359', 0, 'Photo of user_358'),
(360, '360', 1, 'Photo of user_359'),
(361, '361', 0, 'Photo of user_360'),
(362, '362', 1, 'Photo of user_361'),
(363, '363', 0, 'Photo of user_362'),
(364, '364', 1, 'Photo of user_363'),
(365, '365', 0, 'Photo of user_364'),
(366, '366', 1, 'Photo of user_365'),
(367, '367', 0, 'Photo of user_366'),
(368, '368', 1, 'Photo of user_367'),
(369, '369', 0, 'Photo of user_368'),
(370, '370', 1, 'Photo of user_369'),
(371, '371', 0, 'Photo of user_370'),
(372, '372', 1, 'Photo of user_371'),
(373, '373', 0, 'Photo of user_372'),
(374, '374', 1, 'Photo of user_373'),
(375, '375', 0, 'Photo of user_374'),
(376, '376', 1, 'Photo of user_375'),
(377, '377', 0, 'Photo of user_376'),
(378, '378', 1, 'Photo of user_377'),
(379, '379', 0, 'Photo of user_378'),
(380, '380', 1, 'Photo of user_379'),
(381, '381', 0, 'Photo of user_380'),
(382, '382', 1, 'Photo of user_381'),
(383, '383', 0, 'Photo of user_382'),
(384, '384', 1, 'Photo of user_383'),
(385, '385', 0, 'Photo of user_384'),
(386, '386', 1, 'Photo of user_385'),
(387, '387', 0, 'Photo of user_386'),
(388, '388', 1, 'Photo of user_387'),
(389, '389', 0, 'Photo of user_388'),
(390, '390', 1, 'Photo of user_389'),
(391, '391', 0, 'Photo of user_390'),
(392, '392', 1, 'Photo of user_391'),
(393, '393', 0, 'Photo of user_392'),
(394, '394', 1, 'Photo of user_393'),
(395, '395', 0, 'Photo of user_394'),
(396, '396', 1, 'Photo of user_395'),
(397, '397', 0, 'Photo of user_396'),
(398, '398', 1, 'Photo of user_397'),
(399, '399', 0, 'Photo of user_398'),
(400, '400', 1, 'Photo of user_399'),
(401, '401', 0, 'Photo of user_400'),
(402, '402', 1, 'Photo of user_401');

--
-- 转储表的索引
--

--
-- 表的索引 `comment`
--
ALTER TABLE `comment`
  ADD PRIMARY KEY (`ID`);

--
-- 表的索引 `dish`
--
ALTER TABLE `dish`
  ADD PRIMARY KEY (`ID`);

--
-- 表的索引 `order_form`
--
ALTER TABLE `order_form`
  ADD PRIMARY KEY (`ID`);

--
-- 表的索引 `restaurant`
--
ALTER TABLE `restaurant`
  ADD PRIMARY KEY (`ID`);

--
-- 表的索引 `user`
--
ALTER TABLE `user`
  ADD PRIMARY KEY (`ID`);

--
-- 在导出的表使用AUTO_INCREMENT
--

--
-- 使用表AUTO_INCREMENT `comment`
--
ALTER TABLE `comment`
  MODIFY `ID` int(11) NOT NULL AUTO_INCREMENT, AUTO_INCREMENT=403;

--
-- 使用表AUTO_INCREMENT `dish`
--
ALTER TABLE `dish`
  MODIFY `ID` int(11) NOT NULL AUTO_INCREMENT, AUTO_INCREMENT=860;

--
-- 使用表AUTO_INCREMENT `order_form`
--
ALTER TABLE `order_form`
  MODIFY `ID` int(11) NOT NULL AUTO_INCREMENT, AUTO_INCREMENT=403;

--
-- 使用表AUTO_INCREMENT `restaurant`
--
ALTER TABLE `restaurant`
  MODIFY `ID` int(11) NOT NULL AUTO_INCREMENT, AUTO_INCREMENT=640198;

--
-- 使用表AUTO_INCREMENT `user`
--
ALTER TABLE `user`
  MODIFY `ID` int(11) NOT NULL AUTO_INCREMENT, AUTO_INCREMENT=403;
COMMIT;

/*!40101 SET CHARACTER_SET_CLIENT=@OLD_CHARACTER_SET_CLIENT */;
/*!40101 SET CHARACTER_SET_RESULTS=@OLD_CHARACTER_SET_RESULTS */;
/*!40101 SET COLLATION_CONNECTION=@OLD_COLLATION_CONNECTION */;
